date,open,high,low,close,volume
2023-01-02 09:15:00+05:30,69.61,70.18,69.61,69.9,27273
2023-01-02 10:15:00+05:30,69.9,69.95,69.9,69.95,1858
2023-01-02 11:15:00+05:30,69.95,70.0,69.9,69.93,3663
2023-01-02 12:15:00+05:30,69.93,70.39,69.93,70.01,64867
2023-01-02 13:15:00+05:30,70.1,70.14,70.01,70.09,3800
2023-01-02 14:15:00+05:30,70.05,70.25,70.04,70.11,14677
2023-01-02 15:15:00+05:30,70.11,70.24,70.11,70.22,2609
2023-01-03 09:15:00+05:30,70.8,71.12,70.74,71.12,26647
2023-01-03 10:15:00+05:30,71.12,71.39,70.96,71.1,15267
2023-01-03 11:15:00+05:30,71.1,71.3,71.05,71.22,6128
2023-01-03 12:15:00+05:30,71.22,71.35,71.19,71.34,1577
2023-01-03 13:15:00+05:30,71.34,71.45,71.14,71.15,9038
2023-01-03 14:15:00+05:30,71.15,71.3,71.06,71.3,2909
2023-01-03 15:15:00+05:30,71.3,71.5,71.23,71.23,21143
2023-01-04 09:15:00+05:30,70.97,71.2,70.76,70.87,12869
2023-01-04 10:15:00+05:30,70.87,70.9,70.76,70.8,5918
2023-01-04 11:15:00+05:30,70.8,70.89,70.77,70.77,3062
2023-01-04 12:15:00+05:30,70.8,71.06,70.75,70.89,5201
2023-01-04 13:15:00+05:30,70.89,71.08,70.81,70.98,16070
2023-01-04 14:15:00+05:30,70.98,71.28,70.85,71.11,12665
2023-01-04 15:15:00+05:30,71.11,71.24,71.1,71.1,1493
2023-01-05 09:15:00+05:30,69.75,70.35,69.75,70.05,12892
2023-01-05 10:15:00+05:30,69.98,70.18,69.98,70.08,2950
2023-01-05 11:15:00+05:30,70.08,70.14,70.01,70.12,3855
2023-01-05 12:15:00+05:30,70.12,70.12,69.88,70.09,5451
2023-01-05 13:15:00+05:30,70.09,70.09,69.1,69.25,93820
2023-01-05 14:15:00+05:30,69.15,69.34,69.1,69.33,9174
2023-01-05 15:15:00+05:30,69.33,69.55,69.3,69.55,5182
2023-01-06 09:15:00+05:30,69.67,69.68,69.34,69.44,4307
2023-01-06 10:15:00+05:30,69.44,69.69,69.44,69.59,7798
2023-01-06 11:15:00+05:30,69.59,69.59,69.43,69.49,5340
2023-01-06 12:15:00+05:30,69.49,69.65,69.13,69.16,96911
2023-01-06 13:15:00+05:30,69.16,69.47,69.15,69.4,3862
2023-01-06 14:15:00+05:30,69.4,69.46,69.2,69.35,5482
2023-01-06 15:15:00+05:30,69.35,69.59,69.35,69.59,10003
2023-01-09 09:15:00+05:30,69.44,71.49,69.44,70.56,9199
2023-01-09 10:15:00+05:30,70.6,70.8,70.4,70.4,4098
2023-01-09 11:15:00+05:30,70.4,70.7,70.4,70.6,3370
2023-01-09 12:15:00+05:30,70.6,70.68,70.42,70.51,155373
2023-01-09 13:15:00+05:30,70.51,70.51,70.31,70.31,1074
2023-01-09 14:15:00+05:30,70.31,70.48,70.25,70.42,8951
2023-01-09 15:15:00+05:30,70.42,70.46,70.3,70.3,17004
2023-01-10 09:15:00+05:30,69.84,69.87,69.51,69.51,6208
2023-01-10 10:15:00+05:30,69.7,69.8,69.61,69.74,7616
2023-01-10 11:15:00+05:30,69.79,69.79,69.65,69.67,2694
2023-01-10 12:15:00+05:30,69.67,69.85,69.67,69.78,103192
2023-01-10 13:15:00+05:30,69.78,69.78,69.4,69.47,4109
2023-01-10 14:15:00+05:30,69.51,69.69,69.21,69.6,44464
2023-01-10 15:15:00+05:30,69.6,69.69,69.55,69.69,2230
2023-01-11 09:15:00+05:30,69.68,69.73,69.41,69.73,2638
2023-01-11 10:15:00+05:30,69.73,70.0,69.51,70.0,24577
2023-01-11 11:15:00+05:30,70.0,70.1,69.78,69.82,3847
2023-01-11 12:15:00+05:30,69.82,69.93,69.75,69.8,2918
2023-01-11 13:15:00+05:30,69.8,70.0,69.8,69.87,5442
2023-01-11 14:15:00+05:30,69.87,70.18,69.82,70.18,31796
2023-01-11 15:15:00+05:30,70.18,70.27,69.83,69.83,13780
2023-01-12 09:15:00+05:30,69.67,69.67,69.3,69.4,8625
2023-01-12 10:15:00+05:30,69.4,69.56,69.4,69.54,3132
2023-01-12 11:15:00+05:30,69.56,69.56,69.35,69.51,11351
2023-01-12 12:15:00+05:30,69.51,69.6,69.42,69.6,5862
2023-01-12 13:15:00+05:30,69.6,69.7,69.43,69.64,36871
2023-01-12 14:15:00+05:30,69.55,69.74,69.51,69.63,3791
2023-01-12 15:15:00+05:30,69.63,69.73,69.5,69.73,9005
2023-01-13 09:15:00+05:30,69.58,69.94,69.42,69.5,10022
2023-01-13 10:15:00+05:30,69.5,69.56,69.41,69.54,2385
2023-01-13 11:15:00+05:30,69.54,69.55,69.26,69.51,3482
2023-01-13 12:15:00+05:30,69.49,69.75,69.49,69.53,55413
2023-01-13 13:15:00+05:30,69.53,69.7,69.51,69.7,3827
2023-01-13 14:15:00+05:30,69.7,69.99,69.62,69.9,113879
2023-01-13 15:15:00+05:30,69.9,69.9,69.68,69.87,648
2023-01-16 09:15:00+05:30,70.71,71.35,70.61,70.63,39508
2023-01-16 10:15:00+05:30,70.63,70.75,70.63,70.66,5475
2023-01-16 11:15:00+05:30,70.66,70.71,70.57,70.71,13182
2023-01-16 12:15:00+05:30,70.66,70.74,70.58,70.58,6781
2023-01-16 13:15:00+05:30,70.64,70.64,70.46,70.49,13814
2023-01-16 14:15:00+05:30,70.49,70.63,70.42,70.59,12627
2023-01-16 15:15:00+05:30,70.59,70.59,70.51,70.51,1851
2023-01-17 09:15:00+05:30,70.73,70.73,70.4,70.54,7424
2023-01-17 10:15:00+05:30,70.53,70.73,70.53,70.68,1906
2023-01-17 11:15:00+05:30,70.68,70.7,70.59,70.59,14130
2023-01-17 12:15:00+05:30,70.55,70.63,70.25,70.41,18763
2023-01-17 13:15:00+05:30,70.59,70.59,70.31,70.39,850
2023-01-17 14:15:00+05:30,70.39,70.47,70.26,70.26,4973
2023-01-17 15:15:00+05:30,70.26,70.42,70.26,70.27,996
2023-01-18 09:15:00+05:30,70.35,70.42,70.02,70.2,11499
2023-01-18 10:15:00+05:30,70.2,70.33,70.1,70.26,3560
2023-01-18 11:15:00+05:30,70.26,70.26,70.1,70.2,7902
2023-01-18 12:15:00+05:30,70.2,70.4,70.18,70.3,5860
2023-01-18 13:15:00+05:30,70.3,70.58,70.3,70.4,9875
2023-01-18 14:15:00+05:30,70.57,70.64,70.41,70.55,11619
2023-01-18 15:15:00+05:30,70.55,70.64,70.5,70.64,7770
2023-01-19 09:15:00+05:30,69.21,69.3,69.09,69.14,28492
2023-01-19 10:15:00+05:30,69.14,69.15,69.01,69.08,8662
2023-01-19 11:15:00+05:30,69.08,69.15,68.91,69.14,11346
2023-01-19 12:15:00+05:30,69.14,69.14,69.02,69.1,3111
2023-01-19 13:15:00+05:30,69.1,69.35,69.09,69.18,21359
2023-01-19 14:15:00+05:30,69.18,69.33,69.15,69.2,3264
2023-01-19 15:15:00+05:30,69.2,69.44,68.9,69.24,33706
2023-01-20 09:15:00+05:30,69.81,69.99,69.63,69.77,3439
2023-01-20 10:15:00+05:30,69.76,69.77,69.61,69.73,6199
2023-01-20 11:15:00+05:30,69.73,70.01,69.73,70.0,6842
2023-01-20 12:15:00+05:30,69.99,70.01,69.8,69.93,4222
2023-01-20 13:15:00+05:30,69.93,70.19,69.9,69.9,13656
2023-01-20 14:15:00+05:30,69.94,70.1,69.73,70.07,6246
2023-01-20 15:15:00+05:30,70.06,70.35,69.8,70.1,26406
2023-01-23 09:15:00+05:30,70.39,70.56,70.1,70.23,2714
2023-01-23 10:15:00+05:30,70.24,70.29,70.17,70.18,1507
2023-01-23 11:15:00+05:30,70.18,70.28,70.09,70.09,1718
2023-01-23 12:15:00+05:30,70.17,70.17,70.0,70.0,2266
2023-01-23 13:15:00+05:30,70.0,70.0,69.55,69.85,11561
2023-01-23 14:15:00+05:30,69.85,69.94,69.73,69.75,3107
2023-01-23 15:15:00+05:30,69.75,69.92,69.75,69.8,1980
2023-01-24 09:15:00+05:30,69.69,69.69,69.46,69.66,3600
2023-01-24 10:15:00+05:30,69.66,69.69,69.59,69.69,2161
2023-01-24 11:15:00+05:30,69.62,69.72,69.48,69.69,4133
2023-01-24 12:15:00+05:30,69.64,69.64,69.53,69.59,2791
2023-01-24 13:15:00+05:30,69.59,69.7,69.55,69.7,91323
2023-01-24 14:15:00+05:30,69.7,69.71,69.56,69.7,2890
2023-01-24 15:15:00+05:30,69.7,69.9,69.7,69.9,7625
2023-01-25 09:15:00+05:30,69.87,69.87,69.4,69.61,7494
2023-01-25 10:15:00+05:30,69.56,69.65,69.3,69.57,8158
2023-01-25 11:15:00+05:30,69.57,69.67,69.43,69.67,4797
2023-01-25 12:15:00+05:30,69.67,69.69,69.41,69.6,4518
2023-01-25 13:15:00+05:30,69.6,69.73,69.56,69.73,684
2023-01-25 14:15:00+05:30,69.75,69.75,69.5,69.56,9045
2023-01-25 15:15:00+05:30,69.56,69.7,69.52,69.7,1395
2023-01-27 09:15:00+05:30,69.9,70.0,69.71,69.98,5311
2023-01-27 10:15:00+05:30,69.98,70.49,69.82,69.98,12952
2023-01-27 11:15:00+05:30,69.98,70.05,69.88,69.9,17039
2023-01-27 12:15:00+05:30,69.9,69.9,69.71,69.83,9523
2023-01-27 13:15:00+05:30,69.83,69.9,69.8,69.87,4275
2023-01-27 14:15:00+05:30,69.87,69.93,69.61,69.81,3390
2023-01-27 15:15:00+05:30,69.81,69.89,69.7,69.89,7583
2023-01-30 09:15:00+05:30,70.18,70.18,69.68,69.85,19668
2023-01-30 10:15:00+05:30,69.85,69.93,69.85,69.91,6682
2023-01-30 11:15:00+05:30,69.87,70.0,69.86,69.98,1869
2023-01-30 12:15:00+05:30,69.98,69.98,69.76,69.76,6584
2023-01-30 13:15:00+05:30,69.76,69.85,69.75,69.85,3678
2023-01-30 14:15:00+05:30,69.85,69.99,69.78,69.99,8903
2023-01-30 15:15:00+05:30,69.99,70.1,69.92,69.92,18094
2023-01-31 09:15:00+05:30,69.95,69.98,69.65,69.89,2980
2023-01-31 10:15:00+05:30,69.89,69.89,69.68,69.8,34932
2023-01-31 11:15:00+05:30,69.78,69.78,69.7,69.7,2485
2023-01-31 12:15:00+05:30,69.7,69.77,69.7,69.75,1114
2023-01-31 13:15:00+05:30,69.75,69.75,69.51,69.54,9075
2023-01-31 14:15:00+05:30,69.54,69.54,69.12,69.4,2923
2023-01-31 15:15:00+05:30,69.4,69.48,69.22,69.31,8050
2023-02-01 09:15:00+05:30,69.61,70.22,69.61,70.03,6946
2023-02-01 10:15:00+05:30,70.03,70.3,70.0,70.06,26593
2023-02-01 11:15:00+05:30,70.06,70.9,70.06,70.9,9395
2023-02-01 12:15:00+05:30,71.0,71.14,70.73,71.0,8409
2023-02-01 13:15:00+05:30,70.9,71.45,70.9,71.32,19380
2023-02-01 14:15:00+05:30,71.32,71.32,70.65,71.0,17834
2023-02-01 15:15:00+05:30,71.05,71.1,71.0,71.0,12836
2023-02-02 09:15:00+05:30,72.28,73.0,72.0,72.5,31377
2023-02-02 10:15:00+05:30,72.5,72.55,72.4,72.55,80729
2023-02-02 11:15:00+05:30,72.55,72.75,72.5,72.66,14650
2023-02-02 12:15:00+05:30,72.66,72.75,72.5,72.58,15786
2023-02-02 13:15:00+05:30,72.51,72.75,72.5,72.64,3326
2023-02-02 14:15:00+05:30,72.51,73.05,72.51,72.93,59084
2023-02-02 15:15:00+05:30,72.93,73.3,72.8,73.3,9011
2023-02-03 09:15:00+05:30,71.69,71.9,71.51,71.64,9299
2023-02-03 10:15:00+05:30,71.64,71.74,71.5,71.59,4773
2023-02-03 11:15:00+05:30,71.59,71.59,71.16,71.25,51048
2023-02-03 12:15:00+05:30,71.25,71.39,71.25,71.29,1373
2023-02-03 13:15:00+05:30,71.29,71.4,71.0,71.01,7709
2023-02-03 14:15:00+05:30,71.01,71.19,71.01,71.08,3815
2023-02-03 15:15:00+05:30,71.18,71.29,71.04,71.26,1474
2023-02-06 09:15:00+05:30,71.06,71.06,69.31,69.49,17235
2023-02-06 10:15:00+05:30,69.49,69.49,69.28,69.39,7870
2023-02-06 11:15:00+05:30,69.39,69.49,69.32,69.48,5866
2023-02-06 12:15:00+05:30,69.48,69.48,69.44,69.44,1321
2023-02-06 13:15:00+05:30,69.44,69.55,69.44,69.55,3758
2023-02-06 14:15:00+05:30,69.55,69.68,69.31,69.4,14988
2023-02-06 15:15:00+05:30,69.4,69.5,69.35,69.5,50360
2023-02-07 09:15:00+05:30,69.28,70.0,68.82,69.01,35954
2023-02-07 10:15:00+05:30,69.01,69.26,68.86,69.14,6773
2023-02-07 11:15:00+05:30,69.14,69.25,69.05,69.25,3910
2023-02-07 12:15:00+05:30,69.25,69.25,69.13,69.22,2486
2023-02-07 13:15:00+05:30,69.22,69.23,69.13,69.16,2462
2023-02-07 14:15:00+05:30,69.19,69.24,69.05,69.1,727
2023-02-07 15:15:00+05:30,69.12,69.5,69.12,69.13,41756
2023-02-08 09:15:00+05:30,69.29,69.29,69.01,69.2,4287
2023-02-08 10:15:00+05:30,69.21,69.22,68.9,69.05,11789
2023-02-08 11:15:00+05:30,69.06,69.16,68.99,69.16,3972
2023-02-08 12:15:00+05:30,69.16,69.16,69.03,69.16,1649
2023-02-08 13:15:00+05:30,69.16,69.49,69.06,69.06,4044
2023-02-08 14:15:00+05:30,69.06,69.56,69.06,69.39,51814
2023-02-08 15:15:00+05:30,69.39,69.45,69.22,69.45,1778
2023-02-09 09:15:00+05:30,69.19,69.39,69.01,69.23,3246
2023-02-09 10:15:00+05:30,69.23,69.23,69.15,69.22,1030
2023-02-09 11:15:00+05:30,69.16,69.29,69.16,69.24,1078
2023-02-09 12:15:00+05:30,69.24,69.24,69.23,69.24,1171
2023-02-09 13:15:00+05:30,69.24,69.42,69.18,69.39,3506
2023-02-09 14:15:00+05:30,69.39,69.39,69.17,69.21,10168
2023-02-09 15:15:00+05:30,69.21,69.25,69.14,69.15,5450
2023-02-10 09:15:00+05:30,68.78,68.78,67.87,68.06,21491
2023-02-10 10:15:00+05:30,68.06,68.2,67.9,68.06,658823
2023-02-10 11:15:00+05:30,68.06,68.5,68.03,68.46,13042
2023-02-10 12:15:00+05:30,68.46,68.46,68.18,68.25,3131
2023-02-10 13:15:00+05:30,68.25,68.81,68.25,68.64,4317
2023-02-10 14:15:00+05:30,68.64,68.74,68.51,68.55,4190
2023-02-10 15:15:00+05:30,68.55,68.62,68.52,68.52,7460
2023-02-13 09:15:00+05:30,68.19,68.2,67.9,67.97,6303
2023-02-13 10:15:00+05:30,67.97,68.09,67.83,68.09,7849
2023-02-13 11:15:00+05:30,68.09,68.15,68.0,68.15,6115
2023-02-13 12:15:00+05:30,68.15,68.15,68.0,68.02,2412
2023-02-13 13:15:00+05:30,68.02,68.28,68.02,68.03,2400
2023-02-13 14:15:00+05:30,68.03,68.2,67.95,68.0,7249
2023-02-13 15:15:00+05:30,67.95,68.12,67.85,68.12,7046
2023-02-14 09:15:00+05:30,68.11,68.28,68.11,68.18,6481
2023-02-14 10:15:00+05:30,68.18,68.18,68.08,68.1,2940
2023-02-14 11:15:00+05:30,68.11,68.22,68.11,68.15,1657
2023-02-14 12:15:00+05:30,68.15,68.19,68.12,68.13,869
2023-02-14 13:15:00+05:30,68.12,68.13,67.95,67.98,4652
2023-02-14 14:15:00+05:30,67.98,68.02,67.9,68.0,7595
2023-02-14 15:15:00+05:30,68.02,68.07,67.9,67.9,8428
2023-02-15 09:15:00+05:30,68.02,68.02,67.52,67.7,9559
2023-02-15 10:15:00+05:30,67.7,67.74,67.68,67.72,1758
2023-02-15 11:15:00+05:30,67.72,67.8,67.54,67.57,7404
2023-02-15 12:15:00+05:30,67.57,67.61,67.54,67.6,742
2023-02-15 13:15:00+05:30,67.6,67.6,67.15,67.15,28746
2023-02-15 14:15:00+05:30,67.15,67.21,67.06,67.13,9834
2023-02-15 15:15:00+05:30,67.13,67.19,67.13,67.17,12591
2023-02-16 09:15:00+05:30,67.86,67.86,67.55,67.57,13513
2023-02-16 10:15:00+05:30,67.64,67.65,67.26,67.62,5712
2023-02-16 11:15:00+05:30,67.64,67.64,67.27,67.34,1853
2023-02-16 12:15:00+05:30,67.34,67.45,67.31,67.43,1642
2023-02-16 13:15:00+05:30,67.42,67.54,67.31,67.32,2310
2023-02-16 14:15:00+05:30,67.32,67.36,67.06,67.33,29748
2023-02-16 15:15:00+05:30,67.33,67.33,67.11,67.31,4562
2023-02-17 09:15:00+05:30,67.38,67.38,66.75,66.95,7596
2023-02-17 10:15:00+05:30,66.98,67.0,66.89,66.95,3008
2023-02-17 11:15:00+05:30,66.95,67.01,66.75,66.77,4952
2023-02-17 12:15:00+05:30,66.77,66.78,66.64,66.7,2476
2023-02-17 13:15:00+05:30,66.7,66.93,66.48,66.48,7069
2023-02-17 14:15:00+05:30,66.48,66.57,66.25,66.51,11932
2023-02-17 15:15:00+05:30,66.56,66.57,66.45,66.5,3159
2023-02-20 09:15:00+05:30,67.69,67.69,67.16,67.48,4228
2023-02-20 10:15:00+05:30,67.48,67.49,67.37,67.49,5810
2023-02-20 11:15:00+05:30,67.55,67.55,67.46,67.54,5616
2023-02-20 12:15:00+05:30,67.54,67.55,67.44,67.44,7689
2023-02-20 13:15:00+05:30,67.44,67.58,67.44,67.57,423
2023-02-20 14:15:00+05:30,67.57,67.78,67.56,67.77,4475
2023-02-20 15:15:00+05:30,67.71,67.83,67.61,67.61,15264
2023-02-21 09:15:00+05:30,67.61,67.61,67.25,67.44,4907
2023-02-21 10:15:00+05:30,67.44,67.52,67.24,67.33,17991
2023-02-21 11:15:00+05:30,67.33,67.37,67.27,67.34,431
2023-02-21 12:15:00+05:30,67.34,67.35,67.3,67.31,1270
2023-02-21 13:15:00+05:30,67.32,67.4,67.25,67.31,2988
2023-02-21 14:15:00+05:30,67.25,67.44,67.25,67.44,1444
2023-02-21 15:15:00+05:30,67.44,67.5,67.4,67.5,2852
2023-02-22 09:15:00+05:30,67.61,67.79,67.52,67.54,3696
2023-02-22 10:15:00+05:30,67.54,67.6,67.54,67.6,1622
2023-02-22 11:15:00+05:30,67.6,67.65,67.6,67.65,836
2023-02-22 12:15:00+05:30,67.65,67.71,67.55,67.55,1772
2023-02-22 13:15:00+05:30,67.59,67.63,67.49,67.49,2205
2023-02-22 14:15:00+05:30,67.49,67.53,67.31,67.44,3670
2023-02-22 15:15:00+05:30,67.36,67.47,67.36,67.4,710
2023-02-23 09:15:00+05:30,67.09,67.18,67.03,67.08,2850
2023-02-23 10:15:00+05:30,67.08,67.17,67.08,67.13,2652
2023-02-23 11:15:00+05:30,67.09,67.14,67.05,67.08,614
2023-02-23 12:15:00+05:30,67.08,67.14,67.0,67.03,3323
2023-02-23 13:15:00+05:30,67.0,67.06,66.81,66.9,13490
2023-02-23 14:15:00+05:30,66.9,67.02,66.81,66.85,77100
2023-02-23 15:15:00+05:30,66.85,66.95,66.85,66.91,9071
2023-02-24 09:15:00+05:30,66.5,66.5,66.26,66.29,4103
2023-02-24 10:15:00+05:30,66.32,66.32,66.25,66.25,8469
2023-02-24 11:15:00+05:30,66.25,66.35,66.25,66.35,1221
2023-02-24 12:15:00+05:30,66.4,66.41,66.33,66.33,2318
2023-02-24 13:15:00+05:30,66.33,66.33,66.15,66.3,95883
2023-02-24 14:15:00+05:30,66.3,66.74,66.3,66.61,9779
2023-02-24 15:15:00+05:30,66.61,66.65,66.12,66.5,3348
2023-02-27 09:15:00+05:30,65.65,65.65,65.1,65.18,25659
2023-02-27 10:15:00+05:30,65.18,65.19,65.1,65.1,6762
2023-02-27 11:15:00+05:30,65.14,65.15,64.98,65.02,20881
2023-02-27 12:15:00+05:30,65.02,65.1,64.97,64.98,4906
2023-02-27 13:15:00+05:30,64.98,65.29,64.98,65.27,1960
2023-02-27 14:15:00+05:30,65.27,65.32,65.16,65.25,8560
2023-02-27 15:15:00+05:30,65.25,65.3,65.17,65.21,3385
2023-02-28 09:15:00+05:30,65.24,65.24,64.81,64.96,6009
2023-02-28 10:15:00+05:30,64.95,64.99,64.87,64.92,3908
2023-02-28 11:15:00+05:30,64.88,64.99,64.72,64.99,18235
2023-02-28 12:15:00+05:30,64.99,65.0,64.88,64.9,3532
2023-02-28 13:15:00+05:30,64.9,64.9,64.63,64.63,3342
2023-02-28 14:15:00+05:30,64.63,64.88,64.63,64.65,1959
2023-02-28 15:15:00+05:30,64.65,64.78,64.65,64.78,5955
2023-03-01 09:15:00+05:30,66.0,66.19,65.53,66.05,3784
2023-03-01 10:15:00+05:30,66.05,66.14,66.0,66.14,8243
2023-03-01 11:15:00+05:30,66.14,66.3,66.06,66.3,15555
2023-03-01 12:15:00+05:30,66.3,66.37,66.09,66.09,7854
2023-03-01 13:15:00+05:30,66.09,66.16,65.9,65.9,4079
2023-03-01 14:15:00+05:30,65.9,66.18,65.9,65.91,5617
2023-03-01 15:15:00+05:30,65.91,66.07,65.91,65.91,14521
2023-03-02 09:15:00+05:30,65.84,65.85,65.56,65.76,5794
2023-03-02 10:15:00+05:30,65.76,65.78,65.65,65.67,8021
2023-03-02 11:15:00+05:30,65.67,65.68,65.59,65.67,3775
2023-03-02 12:15:00+05:30,65.59,65.67,65.32,65.38,12823
2023-03-02 13:15:00+05:30,65.38,65.6,65.36,65.6,2742
2023-03-02 14:15:00+05:30,65.6,65.69,65.38,65.5,18192
2023-03-02 15:15:00+05:30,65.5,65.52,65.32,65.32,1715
2023-03-03 09:15:00+05:30,65.56,65.77,65.55,65.68,871
2023-03-03 10:15:00+05:30,65.68,65.75,65.65,65.75,1296
2023-03-03 11:15:00+05:30,65.7,65.9,65.7,65.9,3953
2023-03-03 12:15:00+05:30,65.9,65.9,65.81,65.87,742
2023-03-03 13:15:00+05:30,65.87,65.87,65.72,65.72,1301
2023-03-03 14:15:00+05:30,65.72,65.78,65.66,65.75,1156
2023-03-03 15:15:00+05:30,65.75,65.82,65.74,65.77,1531
2023-03-06 09:15:00+05:30,66.0,66.35,66.0,66.04,9577
2023-03-06 10:15:00+05:30,66.06,66.21,65.91,66.08,4060
2023-03-06 11:15:00+05:30,66.08,66.09,65.9,66.0,3752
2023-03-06 12:15:00+05:30,66.04,66.14,66.03,66.11,3221
2023-03-06 13:15:00+05:30,66.11,66.15,66.0,66.0,9386
2023-03-06 14:15:00+05:30,66.0,66.02,65.8,66.0,20238
2023-03-06 15:15:00+05:30,66.0,66.06,65.98,66.06,1763
2023-03-08 09:15:00+05:30,64.13,64.13,63.34,63.39,68252
2023-03-08 10:15:00+05:30,63.39,63.42,63.33,63.37,28270
2023-03-08 11:15:00+05:30,63.37,63.79,63.37,63.54,37051
2023-03-08 12:15:00+05:30,63.5,63.54,63.46,63.51,9224
2023-03-08 13:15:00+05:30,63.51,63.58,63.3,63.58,59439
2023-03-08 14:15:00+05:30,63.58,63.59,63.49,63.55,7872
2023-03-08 15:15:00+05:30,63.55,63.62,63.52,63.6,10773
2023-03-09 09:15:00+05:30,63.59,63.59,63.2,63.24,32930
2023-03-09 10:15:00+05:30,63.24,63.34,63.21,63.3,8153
2023-03-09 11:15:00+05:30,63.33,63.33,63.26,63.3,5927
2023-03-09 12:15:00+05:30,63.29,63.42,63.25,63.37,6451
2023-03-09 13:15:00+05:30,63.37,63.4,63.3,63.35,7537
2023-03-09 14:15:00+05:30,63.35,63.58,63.26,63.57,42483
2023-03-09 15:15:00+05:30,63.57,63.57,63.35,63.5,20792
2023-03-10 09:15:00+05:30,64.76,64.76,63.06,63.16,34778
2023-03-10 10:15:00+05:30,63.16,63.19,63.12,63.18,6665
2023-03-10 11:15:00+05:30,63.18,63.61,63.18,63.35,28789
2023-03-10 12:15:00+05:30,63.35,63.49,63.29,63.49,11303
2023-03-10 13:15:00+05:30,63.49,63.55,63.3,63.4,1352
2023-03-10 14:15:00+05:30,63.42,63.64,63.4,63.59,10473
2023-03-10 15:15:00+05:30,63.59,63.59,63.5,63.5,1316
2023-03-13 09:15:00+05:30,63.5,65.48,63.5,64.89,8631
2023-03-13 10:15:00+05:30,64.89,65.21,64.8,64.81,15445
2023-03-13 11:15:00+05:30,65.18,65.18,64.93,65.04,14549
2023-03-13 12:15:00+05:30,65.04,65.17,64.91,65.09,159137
2023-03-13 13:15:00+05:30,65.09,65.15,65.01,65.14,3492
2023-03-13 14:15:00+05:30,65.14,65.85,65.0,65.75,13508
2023-03-13 15:15:00+05:30,65.75,65.95,65.5,65.65,2832
2023-03-14 09:15:00+05:30,67.06,67.7,67.06,67.26,43141
2023-03-14 10:15:00+05:30,67.26,67.5,67.01,67.21,39054
2023-03-14 11:15:00+05:30,67.21,68.2,67.21,67.76,21542
2023-03-14 12:15:00+05:30,67.76,67.76,67.53,67.65,36061
2023-03-14 13:15:00+05:30,67.65,67.75,67.5,67.5,10574
2023-03-14 14:15:00+05:30,67.5,67.7,67.21,67.22,22614
2023-03-14 15:15:00+05:30,67.22,67.4,67.22,67.23,4511
2023-03-15 09:15:00+05:30,67.76,67.99,67.49,67.5,15575
2023-03-15 10:15:00+05:30,67.5,67.55,67.49,67.5,7847
2023-03-15 11:15:00+05:30,67.5,67.55,67.49,67.55,3883
2023-03-15 12:15:00+05:30,67.55,67.83,67.45,67.45,5270
2023-03-15 13:15:00+05:30,67.45,67.59,67.3,67.39,3701
2023-03-15 14:15:00+05:30,67.39,67.66,67.33,67.66,14236
2023-03-15 15:15:00+05:30,67.66,67.66,67.46,67.55,19279
2023-03-16 09:15:00+05:30,67.61,68.04,67.6,67.97,21433
2023-03-16 10:15:00+05:30,68.0,68.59,67.98,68.26,14076
2023-03-16 11:15:00+05:30,68.26,68.26,67.74,67.86,8273
2023-03-16 12:15:00+05:30,67.87,68.05,67.73,67.97,14403
2023-03-16 13:15:00+05:30,67.97,68.25,67.95,68.11,4299
2023-03-16 14:15:00+05:30,68.11,68.99,68.11,68.99,80328
2023-03-16 15:15:00+05:30,68.99,68.99,68.3,68.32,2522
2023-03-17 09:15:00+05:30,68.47,68.56,68.12,68.48,12022
2023-03-17 10:15:00+05:30,68.48,68.48,68.31,68.44,1488
2023-03-17 11:15:00+05:30,68.44,68.44,68.25,68.32,3537
2023-03-17 12:15:00+05:30,68.27,68.43,68.27,68.32,1797
2023-03-17 13:15:00+05:30,68.32,68.43,68.32,68.37,2848
2023-03-17 14:15:00+05:30,68.37,68.37,68.25,68.36,4672
2023-03-17 15:15:00+05:30,68.26,68.38,68.1,68.38,3244
2023-03-20 09:15:00+05:30,69.1,70.16,69.1,69.4,66607
2023-03-20 10:15:00+05:30,69.4,69.48,69.35,69.38,9904
2023-03-20 11:15:00+05:30,69.38,69.68,69.35,69.6,9108
2023-03-20 12:15:00+05:30,69.6,69.93,69.58,69.79,13316
2023-03-20 13:15:00+05:30,69.83,70.6,69.76,70.19,24103
2023-03-20 14:15:00+05:30,70.19,70.2,69.8,69.86,16079
2023-03-20 15:15:00+05:30,69.86,69.86,69.41,69.84,10470
2023-03-21 09:15:00+05:30,69.65,70.0,69.65,69.72,9042
2023-03-21 10:15:00+05:30,69.79,69.96,69.72,69.96,5887
2023-03-21 11:15:00+05:30,69.96,70.02,69.7,69.86,5268
2023-03-21 12:15:00+05:30,69.86,69.86,69.72,69.72,1546
2023-03-21 13:15:00+05:30,69.72,69.86,69.54,69.59,19742
2023-03-21 14:15:00+05:30,69.59,69.7,69.47,69.7,59865
2023-03-21 15:15:00+05:30,69.7,69.7,69.48,69.69,19249
2023-03-22 09:15:00+05:30,69.59,69.68,69.44,69.55,12062
2023-03-22 10:15:00+05:30,69.55,69.8,69.43,69.52,20105
2023-03-22 11:15:00+05:30,69.52,69.66,69.44,69.66,3358
2023-03-22 12:15:00+05:30,69.69,69.9,69.54,69.57,39020
2023-03-22 13:15:00+05:30,69.57,69.84,69.02,69.5,78069
2023-03-22 14:15:00+05:30,69.5,69.76,69.5,69.69,25328
2023-03-22 15:15:00+05:30,69.69,69.78,69.65,69.65,3188
2023-03-23 09:15:00+05:30,70.46,70.55,70.1,70.47,21058
2023-03-23 10:15:00+05:30,70.47,71.05,70.43,70.89,35718
2023-03-23 11:15:00+05:30,70.89,70.94,70.66,70.94,5243
2023-03-23 12:15:00+05:30,70.94,70.94,70.79,70.79,4261
2023-03-23 13:15:00+05:30,70.79,70.86,70.66,70.77,27462
2023-03-23 14:15:00+05:30,70.77,70.85,70.51,70.8,20492
2023-03-23 15:15:00+05:30,70.71,70.75,70.57,70.75,532
2023-03-24 09:15:00+05:30,71.47,71.47,70.99,71.19,10578
2023-03-24 10:15:00+05:30,71.19,71.24,71.15,71.21,2188
2023-03-24 11:15:00+05:30,71.21,71.24,70.85,70.85,17713
2023-03-24 12:15:00+05:30,70.85,71.18,70.82,71.18,7984
2023-03-24 13:15:00+05:30,71.18,71.39,71.05,71.1,18716
2023-03-24 14:15:00+05:30,71.1,71.28,70.91,71.06,1450
2023-03-24 15:15:00+05:30,71.06,71.47,71.06,71.47,21485
2023-03-27 09:15:00+05:30,70.85,71.3,70.84,71.06,11624
2023-03-27 10:15:00+05:30,71.06,71.1,71.06,71.09,2333
2023-03-27 11:15:00+05:30,71.09,71.09,70.82,70.93,2300
2023-03-27 12:15:00+05:30,70.93,71.09,70.93,70.97,7912
2023-03-27 13:15:00+05:30,70.97,71.45,70.97,71.19,2889
2023-03-27 14:15:00+05:30,71.19,71.24,71.0,71.05,9498
2023-03-27 15:15:00+05:30,71.05,71.05,70.6,71.0,16092
2023-03-28 09:15:00+05:30,71.11,71.34,70.81,71.17,120280
2023-03-28 10:15:00+05:30,71.04,71.16,70.71,70.85,16190
2023-03-28 11:15:00+05:30,70.91,70.97,70.73,70.85,15797
2023-03-28 12:15:00+05:30,70.85,70.85,70.65,70.74,2018
2023-03-28 13:15:00+05:30,70.8,70.8,70.61,70.69,8552
2023-03-28 14:15:00+05:30,70.69,70.71,70.56,70.61,898
2023-03-28 15:15:00+05:30,70.61,70.71,70.61,70.64,1691
2023-03-29 09:15:00+05:30,71.06,71.55,71.06,71.55,10356
2023-03-29 10:15:00+05:30,71.43,71.55,71.42,71.45,1759
2023-03-29 11:15:00+05:30,71.45,71.54,71.28,71.35,1842
2023-03-29 12:15:00+05:30,71.28,71.37,71.28,71.28,3895
2023-03-29 13:15:00+05:30,71.35,71.54,71.3,71.31,6626
2023-03-29 14:15:00+05:30,71.31,71.91,71.31,71.89,11196
2023-03-29 15:15:00+05:30,71.89,71.9,71.63,71.63,6047
2023-03-31 09:15:00+05:30,72.35,73.25,72.35,72.93,17250
2023-03-31 10:15:00+05:30,72.93,72.96,72.82,72.94,15735
2023-03-31 11:15:00+05:30,72.94,73.25,72.82,73.03,22608
2023-03-31 12:15:00+05:30,73.03,73.15,72.84,72.84,46167
2023-03-31 13:15:00+05:30,72.83,72.95,72.81,72.91,7715
2023-03-31 14:15:00+05:30,72.91,73.09,72.85,73.09,18805
2023-03-31 15:15:00+05:30,73.06,73.15,73.0,73.06,6305
2023-04-03 09:15:00+05:30,72.75,72.9,57.81,72.58,18711
2023-04-03 10:15:00+05:30,72.58,72.63,72.44,72.54,7249
2023-04-03 11:15:00+05:30,72.59,72.85,72.5,72.68,9693
2023-04-03 12:15:00+05:30,72.68,72.75,72.55,72.75,1517
2023-04-03 13:15:00+05:30,72.75,72.84,72.63,72.75,8713
2023-04-03 14:15:00+05:30,72.75,73.06,72.75,72.78,10113
2023-04-03 15:15:00+05:30,72.9,73.15,72.9,73.13,9841
2023-04-05 09:15:00+05:30,75.02,76.45,75.0,76.11,50721
2023-04-05 10:15:00+05:30,76.11,76.12,75.87,75.87,17879
2023-04-05 11:15:00+05:30,75.87,76.0,75.85,75.87,19084
2023-04-05 12:15:00+05:30,75.87,76.05,75.81,75.81,123360
2023-04-05 13:15:00+05:30,75.81,75.93,75.79,75.8,5259
2023-04-05 14:15:00+05:30,75.8,75.85,75.32,75.69,25538
2023-04-05 15:15:00+05:30,75.55,75.9,75.55,75.89,23149
2023-04-06 09:15:00+05:30,75.45,75.58,75.23,75.57,8153
2023-04-06 10:15:00+05:30,75.57,75.57,75.33,75.44,7122
2023-04-06 11:15:00+05:30,75.44,75.79,75.44,75.51,17035
2023-04-06 12:15:00+05:30,75.5,75.72,75.41,75.51,806
2023-04-06 13:15:00+05:30,75.63,75.7,75.51,75.7,4443
2023-04-06 14:15:00+05:30,75.7,76.05,75.64,76.03,9167
2023-04-06 15:15:00+05:30,76.03,76.03,75.82,75.98,2535
2023-04-10 09:15:00+05:30,76.25,76.28,75.27,75.58,26221
2023-04-10 10:15:00+05:30,75.58,75.58,75.37,75.53,207767
2023-04-10 11:15:00+05:30,75.53,75.56,75.45,75.53,4720
2023-04-10 12:15:00+05:30,75.53,75.55,75.46,75.5,538
2023-04-10 13:15:00+05:30,75.5,75.75,75.5,75.7,5330
2023-04-10 14:15:00+05:30,75.7,75.92,75.63,75.92,8033
2023-04-10 15:15:00+05:30,76.0,76.1,76.0,76.05,13523
2023-04-11 09:15:00+05:30,75.95,76.2,75.66,75.96,1081166
2023-04-11 10:15:00+05:30,75.96,76.1,75.83,76.1,1555
2023-04-11 11:15:00+05:30,76.1,76.24,76.0,76.0,18458
2023-04-11 12:15:00+05:30,76.0,76.15,75.93,76.1,9325
2023-04-11 13:15:00+05:30,76.03,76.22,76.03,76.14,13594
2023-04-11 14:15:00+05:30,76.14,76.43,76.14,76.35,10629
2023-04-11 15:15:00+05:30,76.4,76.4,76.14,76.34,23485
2023-04-12 09:15:00+05:30,76.9,77.28,76.49,77.01,19941
2023-04-12 10:15:00+05:30,77.01,77.35,76.95,77.33,122947
2023-04-12 11:15:00+05:30,77.33,77.33,77.0,77.0,4742
2023-04-12 12:15:00+05:30,77.0,77.14,76.76,76.76,6206
2023-04-12 13:15:00+05:30,76.76,76.8,76.57,76.71,14877
2023-04-12 14:15:00+05:30,76.71,76.71,76.37,76.47,18092
2023-04-12 15:15:00+05:30,76.47,76.58,76.42,76.5,3256
2023-04-13 09:15:00+05:30,77.02,77.34,77.02,77.26,8475
2023-04-13 10:15:00+05:30,77.29,77.35,77.04,77.05,7996
2023-04-13 11:15:00+05:30,77.05,77.34,77.01,77.25,9167
2023-04-13 12:15:00+05:30,77.25,77.5,77.12,77.5,9609
2023-04-13 13:15:00+05:30,77.5,77.55,77.33,77.43,33435
2023-04-13 14:15:00+05:30,77.43,77.5,77.31,77.34,20322
2023-04-13 15:15:00+05:30,77.34,77.45,77.33,77.33,4355
2023-04-17 09:15:00+05:30,76.85,77.24,75.8,77.0,21120
2023-04-17 10:15:00+05:30,77.0,77.0,76.83,76.92,2786
2023-04-17 11:15:00+05:30,77.04,77.29,77.04,77.11,6348
2023-04-17 12:15:00+05:30,77.11,77.46,77.11,77.44,4608
2023-04-17 13:15:00+05:30,77.44,77.47,77.09,77.2,4920
2023-04-17 14:15:00+05:30,77.2,77.4,77.18,77.29,2219
2023-04-17 15:15:00+05:30,77.29,77.29,77.12,77.13,4330
2023-04-18 09:15:00+05:30,76.2,76.34,75.86,76.03,175036
2023-04-18 10:15:00+05:30,76.07,76.34,76.03,76.3,34403
2023-04-18 11:15:00+05:30,76.3,76.35,76.17,76.21,8113
2023-04-18 12:15:00+05:30,76.21,76.4,76.18,76.35,2576
2023-04-18 13:15:00+05:30,76.35,76.4,76.3,76.37,10503
2023-04-18 14:15:00+05:30,76.37,76.38,76.18,76.25,24827
2023-04-18 15:15:00+05:30,76.32,76.33,76.11,76.33,8115
2023-04-19 09:15:00+05:30,76.46,76.64,75.97,76.59,15200
2023-04-19 10:15:00+05:30,76.59,76.69,76.51,76.6,6028
2023-04-19 11:15:00+05:30,76.6,76.6,75.75,75.96,20979
2023-04-19 12:15:00+05:30,75.96,76.6,75.82,76.14,11051
2023-04-19 13:15:00+05:30,76.14,76.14,75.69,75.69,8849
2023-04-19 14:15:00+05:30,75.69,75.72,75.5,75.65,7294
2023-04-19 15:15:00+05:30,75.65,75.77,75.36,75.5,14346
2023-04-20 09:15:00+05:30,76.45,76.5,76.4,76.47,4902
2023-04-20 10:15:00+05:30,76.47,76.5,76.29,76.5,5342
2023-04-20 11:15:00+05:30,76.5,76.79,76.43,76.64,5289
2023-04-20 12:15:00+05:30,76.64,76.75,76.42,76.42,1545
2023-04-20 13:15:00+05:30,76.67,76.73,76.38,76.6,2066
2023-04-20 14:15:00+05:30,76.72,76.8,76.49,76.76,10105
2023-04-20 15:15:00+05:30,76.77,77.01,76.77,76.91,3628
2023-04-21 09:15:00+05:30,76.79,76.79,76.52,76.53,2561
2023-04-21 10:15:00+05:30,76.53,76.68,76.53,76.58,550
2023-04-21 11:15:00+05:30,76.58,76.64,76.19,76.3,176753
2023-04-21 12:15:00+05:30,76.3,76.3,76.03,76.12,4286
2023-04-21 13:15:00+05:30,76.12,76.5,76.08,76.29,14013
2023-04-21 14:15:00+05:30,76.29,76.42,76.29,76.4,3120
2023-04-21 15:15:00+05:30,76.4,76.48,76.37,76.37,1223
2023-04-24 09:15:00+05:30,76.04,76.05,75.81,75.9,7692
2023-04-24 10:15:00+05:30,75.84,75.98,75.6,75.82,10924
2023-04-24 11:15:00+05:30,75.82,75.9,75.76,75.84,3024
2023-04-24 12:15:00+05:30,75.84,75.92,75.76,75.9,1588
2023-04-24 13:15:00+05:30,75.9,76.09,75.9,76.09,3324
2023-04-24 14:15:00+05:30,76.09,76.34,75.97,76.14,3787
2023-04-24 15:15:00+05:30,76.14,76.29,75.96,76.29,1149
2023-04-25 09:15:00+05:30,76.26,76.53,76.21,76.38,3862
2023-04-25 10:15:00+05:30,76.38,76.53,76.32,76.5,6382
2023-04-25 11:15:00+05:30,76.5,76.53,76.5,76.53,931
2023-04-25 12:15:00+05:30,76.53,76.53,76.37,76.37,2917
2023-04-25 13:15:00+05:30,76.45,76.45,76.22,76.22,1179
2023-04-25 14:15:00+05:30,76.22,76.26,76.22,76.26,1469
2023-04-25 15:15:00+05:30,76.26,76.26,76.15,76.25,13649
2023-04-26 09:15:00+05:30,76.14,76.14,75.91,75.99,4179
2023-04-26 10:15:00+05:30,76.0,76.13,75.96,76.13,531
2023-04-26 11:15:00+05:30,76.13,76.38,76.01,76.03,2028
2023-04-26 12:15:00+05:30,76.03,76.23,76.01,76.1,1445
2023-04-26 13:15:00+05:30,76.05,76.15,75.95,76.0,2397
2023-04-26 14:15:00+05:30,75.96,76.04,75.9,76.0,6326
2023-04-26 15:15:00+05:30,76.0,76.09,75.84,76.09,11256
2023-04-27 09:15:00+05:30,76.15,76.15,75.81,75.82,5074
2023-04-27 10:15:00+05:30,75.82,75.99,75.82,75.85,3293
2023-04-27 11:15:00+05:30,75.93,75.94,75.89,75.89,310
2023-04-27 12:15:00+05:30,75.89,75.95,75.81,75.95,2880
2023-04-27 13:15:00+05:30,75.94,76.04,75.9,75.96,6167
2023-04-27 14:15:00+05:30,75.96,76.18,75.76,76.01,10455
2023-04-27 15:15:00+05:30,76.01,76.06,75.93,76.04,7154
2023-04-28 09:15:00+05:30,75.9,75.94,75.61,75.66,4037
2023-04-28 10:15:00+05:30,75.94,75.94,75.61,75.75,4249
2023-04-28 11:15:00+05:30,75.75,75.75,75.65,75.7,1557
2023-04-28 12:15:00+05:30,75.7,75.7,75.6,75.65,2857
2023-04-28 13:15:00+05:30,75.65,75.76,75.5,75.5,8147
2023-04-28 14:15:00+05:30,75.5,75.6,75.41,75.59,7255
2023-04-28 15:15:00+05:30,75.59,75.65,75.52,75.65,416
2023-05-02 09:15:00+05:30,75.59,75.99,75.59,75.82,6583
2023-05-02 10:15:00+05:30,75.81,75.94,75.74,75.87,10881
2023-05-02 11:15:00+05:30,75.85,75.86,75.7,75.83,7368
2023-05-02 12:15:00+05:30,75.8,75.82,75.65,75.65,1312
2023-05-02 13:15:00+05:30,75.61,75.71,75.46,75.54,4654
2023-05-02 14:15:00+05:30,75.54,75.6,75.36,75.5,8363
2023-05-02 15:15:00+05:30,75.5,75.69,75.5,75.51,22235
2023-05-03 09:15:00+05:30,76.98,77.38,76.66,76.94,12293
2023-05-03 10:15:00+05:30,76.94,76.94,76.76,76.84,4846
2023-05-03 11:15:00+05:30,76.84,76.84,76.72,76.84,2111
2023-05-03 12:15:00+05:30,76.84,77.08,76.77,77.0,27506
2023-05-03 13:15:00+05:30,77.0,77.0,76.75,77.0,5904
2023-05-03 14:15:00+05:30,76.81,77.0,76.81,76.95,10541
2023-05-03 15:15:00+05:30,76.95,77.04,76.85,76.85,2771
2023-05-04 09:15:00+05:30,77.65,78.38,77.65,78.0,21427
2023-05-04 10:15:00+05:30,78.0,78.15,77.8,77.9,17418
2023-05-04 11:15:00+05:30,77.9,77.9,77.77,77.77,2165
2023-05-04 12:15:00+05:30,77.77,77.99,77.52,77.6,11777
2023-05-04 13:15:00+05:30,77.6,77.7,77.59,77.6,27254
2023-05-04 14:15:00+05:30,77.6,77.8,77.48,77.71,53541
2023-05-04 15:15:00+05:30,77.79,77.99,77.71,77.8,4775
2023-05-05 09:15:00+05:30,78.71,78.99,78.65,78.72,18667
2023-05-05 10:15:00+05:30,78.72,78.89,78.69,78.7,11667
2023-05-05 11:15:00+05:30,78.69,78.78,78.64,78.71,31833
2023-05-05 12:15:00+05:30,78.71,78.88,78.65,78.76,19016
2023-05-05 13:15:00+05:30,78.76,78.76,78.4,78.41,3739
2023-05-05 14:15:00+05:30,78.41,78.59,78.41,78.5,47519
2023-05-05 15:15:00+05:30,78.51,78.59,78.4,78.4,8494
2023-05-08 09:15:00+05:30,78.45,78.45,77.7,78.14,113974
2023-05-08 10:15:00+05:30,78.14,78.19,77.94,77.96,82776
2023-05-08 11:15:00+05:30,77.96,78.01,77.93,78.0,3886
2023-05-08 12:15:00+05:30,78.0,78.03,77.94,78.03,1580
2023-05-08 13:15:00+05:30,78.03,78.04,77.93,77.93,55124
2023-05-08 14:15:00+05:30,77.98,78.02,77.69,77.98,65939
2023-05-08 15:15:00+05:30,77.98,77.98,77.74,77.76,6707
2023-05-09 09:15:00+05:30,77.79,78.25,77.79,78.06,10248
2023-05-09 10:15:00+05:30,78.06,78.06,78.0,78.05,1415
2023-05-09 11:15:00+05:30,78.05,78.05,77.9,77.92,14523
2023-05-09 12:15:00+05:30,77.92,77.92,77.63,77.71,6793
2023-05-09 13:15:00+05:30,77.71,77.88,77.55,77.62,12875
2023-05-09 14:15:00+05:30,77.62,77.8,77.6,77.8,4847
2023-05-09 15:15:00+05:30,77.8,78.0,77.72,77.72,3556
2023-05-10 09:15:00+05:30,78.1,78.18,78.01,78.07,10037
2023-05-10 10:15:00+05:30,78.07,78.15,78.05,78.1,3398
2023-05-10 11:15:00+05:30,78.1,78.1,78.04,78.1,8478
2023-05-10 12:15:00+05:30,78.1,78.32,78.05,78.2,13274
2023-05-10 13:15:00+05:30,78.2,78.28,78.07,78.15,30365
2023-05-10 14:15:00+05:30,78.15,78.16,78.0,78.14,49362
2023-05-10 15:15:00+05:30,78.14,78.14,77.91,78.13,782
2023-05-11 09:15:00+05:30,77.48,77.49,77.12,77.35,6926
2023-05-11 10:15:00+05:30,77.34,77.38,77.25,77.38,9589
2023-05-11 11:15:00+05:30,77.38,77.48,77.13,77.15,19978
2023-05-11 12:15:00+05:30,77.15,77.15,76.52,76.79,8674
2023-05-11 13:15:00+05:30,76.87,76.87,76.42,76.47,4668
2023-05-11 14:15:00+05:30,76.47,76.7,76.3,76.64,63802
2023-05-11 15:15:00+05:30,76.6,76.77,76.52,76.65,13172
2023-05-12 09:15:00+05:30,75.58,75.58,74.19,74.35,37461
2023-05-12 10:15:00+05:30,74.35,74.57,74.22,74.41,11495
2023-05-12 11:15:00+05:30,74.41,74.49,74.09,74.38,8128
2023-05-12 12:15:00+05:30,74.38,74.39,74.11,74.38,7153
2023-05-12 13:15:00+05:30,74.24,74.3,74.1,74.19,5488
2023-05-12 14:15:00+05:30,74.19,74.19,73.9,73.98,76184
2023-05-12 15:15:00+05:30,73.98,73.99,73.51,73.71,55014
2023-05-15 09:15:00+05:30,74.06,74.2,74.0,74.05,20235
2023-05-15 10:15:00+05:30,74.05,74.54,73.96,74.42,8903
2023-05-15 11:15:00+05:30,74.42,74.44,74.23,74.23,3447
2023-05-15 12:15:00+05:30,74.31,74.6,74.29,74.5,4684
2023-05-15 13:15:00+05:30,74.5,74.57,74.32,74.47,3708
2023-05-15 14:15:00+05:30,74.47,74.47,74.33,74.37,34834
2023-05-15 15:15:00+05:30,74.37,74.38,74.25,74.26,2604
2023-05-16 09:15:00+05:30,74.38,74.44,74.19,74.26,14575
2023-05-16 10:15:00+05:30,74.26,74.26,73.83,73.99,19738
2023-05-16 11:15:00+05:30,73.99,74.1,73.64,73.64,10958
2023-05-16 12:15:00+05:30,73.69,73.79,73.6,73.71,28001
2023-05-16 13:15:00+05:30,73.71,73.87,73.71,73.85,5140
2023-05-16 14:15:00+05:30,73.85,73.9,73.7,73.84,88503
2023-05-16 15:15:00+05:30,73.84,73.84,73.68,73.78,2396
2023-05-17 09:15:00+05:30,73.79,73.79,73.51,73.73,6882
2023-05-17 10:15:00+05:30,73.73,73.73,73.47,73.51,13764
2023-05-17 11:15:00+05:30,73.51,73.65,73.26,73.59,20214
2023-05-17 12:15:00+05:30,73.64,73.69,73.47,73.47,3725
2023-05-17 13:15:00+05:30,73.47,73.48,73.35,73.4,2189
2023-05-17 14:15:00+05:30,73.4,73.5,73.35,73.43,11002
2023-05-17 15:15:00+05:30,73.43,73.5,73.31,73.49,3612
2023-05-18 09:15:00+05:30,73.57,73.6,73.4,73.5,8590
2023-05-18 10:15:00+05:30,73.5,73.5,73.32,73.4,1332
2023-05-18 11:15:00+05:30,73.4,73.45,73.26,73.45,15335
2023-05-18 12:15:00+05:30,73.45,73.45,73.32,73.39,3032
2023-05-18 13:15:00+05:30,73.39,73.39,73.0,73.13,6204
2023-05-18 14:15:00+05:30,73.13,73.22,73.01,73.21,13962
2023-05-18 15:15:00+05:30,73.19,73.26,73.1,73.26,3280
2023-05-19 09:15:00+05:30,73.2,73.6,73.2,73.52,2073
2023-05-19 10:15:00+05:30,73.52,73.66,73.52,73.66,1084
2023-05-19 11:15:00+05:30,73.66,73.79,73.54,73.76,3926
2023-05-19 12:15:00+05:30,73.76,73.8,73.7,73.8,1027
2023-05-19 13:15:00+05:30,73.8,73.8,73.66,73.71,1954
2023-05-19 14:15:00+05:30,73.71,73.83,73.68,73.74,9687
2023-05-19 15:15:00+05:30,73.74,75.57,73.65,73.7,3999
2023-05-22 09:15:00+05:30,74.25,74.56,73.95,73.96,7935
2023-05-22 10:15:00+05:30,73.96,73.99,73.66,73.71,7746
2023-05-22 11:15:00+05:30,73.71,73.87,73.56,73.83,3206
2023-05-22 12:15:00+05:30,73.83,73.91,73.72,73.84,5444
2023-05-22 13:15:00+05:30,73.85,73.9,73.8,73.9,4947
2023-05-22 14:15:00+05:30,73.9,74.2,73.8,74.11,6275
2023-05-22 15:15:00+05:30,74.11,74.23,74.09,74.09,2184
2023-05-23 09:15:00+05:30,73.48,73.69,73.4,73.43,8038
2023-05-23 10:15:00+05:30,73.43,73.47,73.21,73.25,4413
2023-05-23 11:15:00+05:30,73.25,73.4,73.14,73.26,10236
2023-05-23 12:15:00+05:30,73.26,73.3,72.7,72.7,7021
2023-05-23 13:15:00+05:30,72.7,72.8,72.5,72.74,23878
2023-05-23 14:15:00+05:30,72.74,72.76,72.5,72.63,46874
2023-05-23 15:15:00+05:30,72.63,72.63,72.46,72.5,12047
2023-05-24 09:15:00+05:30,72.85,73.34,72.75,73.05,8599
2023-05-24 10:15:00+05:30,73.11,73.14,73.01,73.14,3240
2023-05-24 11:15:00+05:30,73.14,73.14,72.82,72.84,5021
2023-05-24 12:15:00+05:30,72.84,72.98,72.74,72.98,2386
2023-05-24 13:15:00+05:30,72.81,73.01,72.75,72.86,1228
2023-05-24 14:15:00+05:30,72.86,73.1,72.82,73.08,37875
2023-05-24 15:15:00+05:30,73.08,73.1,72.92,73.06,45923
2023-05-25 09:15:00+05:30,72.05,72.26,71.77,71.99,14552
2023-05-25 10:15:00+05:30,71.99,72.3,71.95,72.1,11329
2023-05-25 11:15:00+05:30,72.15,72.28,71.85,72.23,4876
2023-05-25 12:15:00+05:30,72.23,72.35,71.9,72.24,3268
2023-05-25 13:15:00+05:30,72.23,72.6,72.19,72.4,4406
2023-05-25 14:15:00+05:30,72.4,72.72,72.15,72.72,4321
2023-05-25 15:15:00+05:30,72.72,72.72,72.06,72.29,2193
2023-05-26 09:15:00+05:30,72.18,72.25,71.75,71.85,26048
2023-05-26 10:15:00+05:30,71.85,72.24,71.8,72.08,4043
2023-05-26 11:15:00+05:30,72.19,72.19,71.91,72.15,4765
2023-05-26 12:15:00+05:30,72.15,72.15,72.01,72.05,4049
2023-05-26 13:15:00+05:30,72.0,72.34,72.0,72.28,3791
2023-05-26 14:15:00+05:30,72.35,72.37,72.12,72.34,11529
2023-05-26 15:15:00+05:30,72.34,72.55,72.11,72.36,12828
2023-05-29 09:15:00+05:30,72.37,72.52,72.3,72.39,6226
2023-05-29 10:15:00+05:30,72.78,72.78,72.37,72.57,8402
2023-05-29 11:15:00+05:30,72.57,73.39,72.57,72.81,10928
2023-05-29 12:15:00+05:30,72.81,72.87,72.76,72.78,2072
2023-05-29 13:15:00+05:30,72.78,72.78,72.5,72.59,7875
2023-05-29 14:15:00+05:30,72.59,72.7,72.52,72.7,3486
2023-05-29 15:15:00+05:30,72.7,72.71,72.63,72.7,4327
2023-05-30 09:15:00+05:30,72.65,72.65,72.11,72.16,3075
2023-05-30 10:15:00+05:30,72.16,72.16,71.86,72.09,11422
2023-05-30 11:15:00+05:30,72.09,72.09,71.88,72.0,1545
2023-05-30 12:15:00+05:30,72.0,72.14,71.93,71.93,1122
2023-05-30 13:15:00+05:30,71.93,72.33,71.93,72.3,8760
2023-05-30 14:15:00+05:30,72.3,72.5,72.23,72.44,4005
2023-05-30 15:15:00+05:30,72.44,72.53,72.31,72.52,1824
2023-05-31 09:15:00+05:30,72.58,72.58,72.24,72.34,4587
2023-05-31 10:15:00+05:30,72.34,72.4,72.24,72.33,5631
2023-05-31 11:15:00+05:30,72.33,73.0,72.33,72.84,14689
2023-05-31 12:15:00+05:30,72.85,73.2,72.67,72.67,13376
2023-05-31 13:15:00+05:30,72.67,72.67,72.34,72.6,6139
2023-05-31 14:15:00+05:30,72.6,72.67,72.44,72.67,3627
2023-05-31 15:15:00+05:30,72.67,72.67,72.51,72.67,2884
2023-06-01 09:15:00+05:30,73.02,73.33,73.02,73.17,1325
2023-06-01 10:15:00+05:30,73.17,73.19,73.09,73.14,2910
2023-06-01 11:15:00+05:30,73.14,73.21,73.06,73.2,1434
2023-06-01 12:15:00+05:30,73.2,73.2,72.74,72.74,3468
2023-06-01 13:15:00+05:30,72.74,72.78,72.61,72.67,4033
2023-06-01 14:15:00+05:30,72.67,72.89,72.62,72.76,34389
2023-06-01 15:15:00+05:30,72.76,72.89,72.76,72.89,1775
2023-06-02 09:15:00+05:30,73.55,74.02,73.55,73.87,21650
2023-06-02 10:15:00+05:30,73.87,74.04,73.78,73.95,5608
2023-06-02 11:15:00+05:30,73.95,74.17,73.83,73.83,3097
2023-06-02 12:15:00+05:30,73.83,73.93,73.75,73.75,5903
2023-06-02 13:15:00+05:30,73.75,73.92,73.71,73.92,14351
2023-06-02 14:15:00+05:30,73.92,74.04,73.87,73.95,6900
2023-06-02 15:15:00+05:30,73.95,74.0,73.82,73.99,10159
2023-06-05 09:15:00+05:30,73.49,73.49,73.12,73.29,3314
2023-06-05 10:15:00+05:30,73.21,73.43,73.11,73.26,8405
2023-06-05 11:15:00+05:30,73.26,73.27,73.12,73.23,707
2023-06-05 12:15:00+05:30,73.23,73.23,73.03,73.19,4579
2023-06-05 13:15:00+05:30,73.19,73.38,73.04,73.28,8175
2023-06-05 14:15:00+05:30,73.28,73.35,73.13,73.35,14512
2023-06-05 15:15:00+05:30,73.35,73.35,73.17,73.35,31402
2023-06-06 09:15:00+05:30,73.74,73.74,73.34,73.46,3574
2023-06-06 10:15:00+05:30,73.41,73.65,73.41,73.5,72274
2023-06-06 11:15:00+05:30,73.5,73.5,73.21,73.47,8449
2023-06-06 12:15:00+05:30,73.47,73.47,73.14,73.14,1577
2023-06-06 13:15:00+05:30,73.14,73.3,73.0,73.11,1059
2023-06-06 14:15:00+05:30,73.1,73.4,73.1,73.3,1605
2023-06-06 15:15:00+05:30,73.3,73.34,73.2,73.34,521
2023-06-07 09:15:00+05:30,73.1,73.29,73.03,73.2,2188
2023-06-07 10:15:00+05:30,73.04,73.25,73.02,73.11,6223
2023-06-07 11:15:00+05:30,73.11,73.25,73.01,73.19,3492
2023-06-07 12:15:00+05:30,73.19,73.19,73.03,73.09,599
2023-06-07 13:15:00+05:30,73.09,73.13,73.0,73.01,2938
2023-06-07 14:15:00+05:30,73.01,73.21,73.0,73.2,6046
2023-06-07 15:15:00+05:30,73.2,73.54,73.2,73.54,1239
2023-06-08 09:15:00+05:30,73.19,73.3,73.1,73.13,4461
2023-06-08 10:15:00+05:30,73.13,73.55,73.13,73.55,3246
2023-06-08 11:15:00+05:30,73.55,73.55,73.13,73.34,2052
2023-06-08 12:15:00+05:30,73.34,73.55,73.34,73.55,656
2023-06-08 13:15:00+05:30,73.55,73.78,73.39,73.64,706
2023-06-08 14:15:00+05:30,73.6,73.74,73.53,73.74,12579
2023-06-08 15:15:00+05:30,73.74,73.8,73.6,73.8,21521
2023-06-09 09:15:00+05:30,75.11,75.11,74.65,74.78,17942
2023-06-09 10:15:00+05:30,74.78,74.93,74.73,74.93,3936
2023-06-09 11:15:00+05:30,74.93,75.1,74.85,75.1,10071
2023-06-09 12:15:00+05:30,75.1,75.29,75.05,75.14,18435
2023-06-09 13:15:00+05:30,75.14,75.3,75.1,75.15,4439
2023-06-09 14:15:00+05:30,75.15,75.3,75.15,75.29,4550
2023-06-09 15:15:00+05:30,75.28,75.41,75.15,75.15,3666
2023-06-12 09:15:00+05:30,74.51,75.11,74.51,74.88,12570
2023-06-12 10:15:00+05:30,74.88,75.0,74.78,75.0,3894
2023-06-12 11:15:00+05:30,75.0,75.19,74.81,74.99,3736
2023-06-12 12:15:00+05:30,74.86,75.16,74.75,74.75,1343
2023-06-12 13:15:00+05:30,74.75,74.89,74.75,74.86,296
2023-06-12 14:15:00+05:30,74.89,75.19,74.65,74.98,16229
2023-06-12 15:15:00+05:30,74.98,75.45,74.71,74.71,5734
2023-06-13 09:15:00+05:30,74.74,75.18,74.7,74.86,7904
2023-06-13 10:15:00+05:30,74.86,74.86,74.42,74.63,7134
2023-06-13 11:15:00+05:30,74.51,74.78,74.5,74.78,2805
2023-06-13 12:15:00+05:30,74.78,74.88,74.68,74.88,711
2023-06-13 13:15:00+05:30,74.88,74.9,74.71,74.71,1776
2023-06-13 14:15:00+05:30,74.71,74.8,74.7,74.78,2621
2023-06-13 15:15:00+05:30,74.78,74.78,74.7,74.72,4195
2023-06-14 09:15:00+05:30,74.04,74.29,73.82,73.9,6644
2023-06-14 10:15:00+05:30,73.9,73.92,73.7,73.91,5124
2023-06-14 11:15:00+05:30,73.91,73.96,73.76,73.85,2931
2023-06-14 12:15:00+05:30,73.85,74.0,73.7,73.95,67233
2023-06-14 13:15:00+05:30,73.95,74.05,73.85,73.85,2646
2023-06-14 14:15:00+05:30,74.03,74.05,73.81,73.84,1771
2023-06-14 15:15:00+05:30,73.86,74.05,73.85,74.05,671
2023-06-15 09:15:00+05:30,73.24,73.24,72.96,73.03,16378
2023-06-15 10:15:00+05:30,73.03,73.03,72.89,73.03,13843
2023-06-15 11:15:00+05:30,73.03,73.1,72.89,72.95,3185
2023-06-15 12:15:00+05:30,72.95,72.95,72.58,72.65,12297
2023-06-15 13:15:00+05:30,72.65,72.66,72.4,72.64,7943
2023-06-15 14:15:00+05:30,72.64,72.7,72.41,72.7,2568
2023-06-15 15:15:00+05:30,72.7,72.83,72.7,72.83,6321
2023-06-16 09:15:00+05:30,73.65,73.8,73.53,73.53,4653
2023-06-16 10:15:00+05:30,73.53,73.68,73.45,73.6,6338
2023-06-16 11:15:00+05:30,73.6,73.89,73.53,73.84,6736
2023-06-16 12:15:00+05:30,73.81,73.88,73.75,73.82,4868
2023-06-16 13:15:00+05:30,73.82,73.9,73.8,73.82,3736
2023-06-16 14:15:00+05:30,73.82,74.09,73.82,74.09,17999
2023-06-16 15:15:00+05:30,74.09,74.13,74.0,74.12,5202
2023-06-19 09:15:00+05:30,74.11,74.39,74.01,74.19,9857
2023-06-19 10:15:00+05:30,74.19,74.33,74.19,74.33,1946
2023-06-19 11:15:00+05:30,74.33,74.33,74.12,74.2,5626
2023-06-19 12:15:00+05:30,74.21,74.34,74.14,74.34,3126
2023-06-19 13:15:00+05:30,74.34,74.35,74.28,74.31,894
2023-06-19 14:15:00+05:30,74.31,74.39,74.26,74.32,7162
2023-06-19 15:15:00+05:30,74.25,74.29,74.16,74.24,2276
2023-06-20 09:15:00+05:30,74.3,74.3,74.0,74.11,5862
2023-06-20 10:15:00+05:30,74.11,74.11,73.76,73.97,6106
2023-06-20 11:15:00+05:30,73.97,74.04,73.86,74.04,4567
2023-06-20 12:15:00+05:30,74.04,74.13,73.98,74.09,1870
2023-06-20 13:15:00+05:30,74.09,74.09,73.99,74.06,737
2023-06-20 14:15:00+05:30,74.06,74.49,73.96,74.16,3901
2023-06-20 15:15:00+05:30,74.16,74.16,73.99,74.0,1735
2023-06-21 09:15:00+05:30,73.18,73.18,72.01,72.15,47961
2023-06-21 10:15:00+05:30,72.15,72.15,72.02,72.05,12291
2023-06-21 11:15:00+05:30,72.05,72.08,71.89,71.92,22748
2023-06-21 12:15:00+05:30,71.92,72.0,71.88,71.88,8636
2023-06-21 13:15:00+05:30,71.9,71.99,71.72,71.9,15054
2023-06-21 14:15:00+05:30,71.9,71.99,71.75,71.9,8875
2023-06-21 15:15:00+05:30,71.89,71.99,71.88,71.89,7722
2023-06-22 09:15:00+05:30,70.9,70.99,70.55,70.7,52410
2023-06-22 10:15:00+05:30,70.69,70.7,70.4,70.6,41613
2023-06-22 11:15:00+05:30,70.6,70.71,70.5,70.54,35663
2023-06-22 12:15:00+05:30,70.54,70.6,70.46,70.52,6423
2023-06-22 13:15:00+05:30,70.52,70.76,70.48,70.66,6345
2023-06-22 14:15:00+05:30,70.66,70.67,70.51,70.67,58962
2023-06-22 15:15:00+05:30,70.7,70.73,70.61,70.64,23313
2023-06-23 09:15:00+05:30,70.66,70.66,69.41,69.68,75249
2023-06-23 10:15:00+05:30,69.73,70.0,69.73,69.94,10806
2023-06-23 11:15:00+05:30,69.94,69.97,69.77,69.79,12625
2023-06-23 12:15:00+05:30,69.79,69.92,69.77,69.9,6058
2023-06-23 13:15:00+05:30,69.9,69.95,69.9,69.92,4248
2023-06-23 14:15:00+05:30,69.92,70.13,69.8,70.1,30405
2023-06-23 15:15:00+05:30,70.1,70.1,69.8,69.8,6781
2023-06-26 09:15:00+05:30,70.9,70.9,70.62,70.9,13037
2023-06-26 10:15:00+05:30,70.9,70.9,70.62,70.76,5222
2023-06-26 11:15:00+05:30,70.76,70.85,70.67,70.76,4658
2023-06-26 12:15:00+05:30,70.75,70.82,70.7,70.82,6319
2023-06-26 13:15:00+05:30,70.82,71.0,70.81,71.0,24334
2023-06-26 14:15:00+05:30,71.0,71.29,70.76,71.1,65263
2023-06-26 15:15:00+05:30,71.1,71.15,71.0,71.05,30385
2023-06-27 09:15:00+05:30,71.51,71.51,71.21,71.25,6158
2023-06-27 10:15:00+05:30,71.25,71.37,71.21,71.35,3325
2023-06-27 11:15:00+05:30,71.35,71.42,71.28,71.35,3118
2023-06-27 12:15:00+05:30,71.35,71.4,71.31,71.35,1889
2023-06-27 13:15:00+05:30,71.35,71.35,71.17,71.17,11637
2023-06-27 14:15:00+05:30,71.17,71.4,71.13,71.36,5591
2023-06-27 15:15:00+05:30,71.36,71.39,71.29,71.33,26096
2023-06-28 09:15:00+05:30,71.36,71.39,71.1,71.35,8767
2023-06-28 10:15:00+05:30,71.35,71.35,71.11,71.29,6267
2023-06-28 11:15:00+05:30,71.28,71.31,71.09,71.09,1537
2023-06-28 12:15:00+05:30,71.09,71.15,70.95,70.99,6106
2023-06-28 13:15:00+05:30,70.99,71.0,70.87,70.87,6142
2023-06-28 14:15:00+05:30,70.87,71.05,70.87,71.03,2642
2023-06-28 15:15:00+05:30,70.97,71.04,70.9,70.9,6181
2023-06-30 09:15:00+05:30,70.98,70.98,70.51,70.54,7998
2023-06-30 10:15:00+05:30,70.54,70.7,70.5,70.68,3987
2023-06-30 11:15:00+05:30,70.68,70.69,70.3,70.36,5361
2023-06-30 12:15:00+05:30,70.36,70.42,70.24,70.24,4618
2023-06-30 13:15:00+05:30,70.21,70.21,70.01,70.03,8058
2023-06-30 14:15:00+05:30,70.03,70.14,70.0,70.14,12020
2023-06-30 15:15:00+05:30,70.14,70.22,70.14,70.2,3181
2023-07-03 09:15:00+05:30,70.85,71.05,70.81,70.93,7092
2023-07-03 10:15:00+05:30,70.93,71.1,70.93,71.1,10238
2023-07-03 11:15:00+05:30,71.1,71.1,70.82,70.82,26217
2023-07-03 12:15:00+05:30,70.82,70.95,70.82,70.89,25852
2023-07-03 13:15:00+05:30,70.89,70.89,70.75,70.88,6008
2023-07-03 14:15:00+05:30,70.88,71.09,70.83,70.94,22131
2023-07-03 15:15:00+05:30,70.94,71.1,70.85,71.08,19164
2023-07-04 09:15:00+05:30,71.58,71.58,71.11,71.24,29850
2023-07-04 10:15:00+05:30,71.16,71.32,71.16,71.23,4513
2023-07-04 11:15:00+05:30,71.27,71.31,71.15,71.23,5399
2023-07-04 12:15:00+05:30,71.24,71.37,71.18,71.33,18420
2023-07-04 13:15:00+05:30,71.33,71.75,71.29,71.5,26150
2023-07-04 14:15:00+05:30,71.45,71.71,71.35,71.64,115272
2023-07-04 15:15:00+05:30,71.64,71.74,71.55,71.7,5523
2023-07-05 09:15:00+05:30,71.64,71.65,71.42,71.55,2655
2023-07-05 10:15:00+05:30,71.55,71.59,71.45,71.5,6257
2023-07-05 11:15:00+05:30,71.5,71.58,71.25,71.3,5510
2023-07-05 12:15:00+05:30,71.3,71.37,71.19,71.2,1857
2023-07-05 13:15:00+05:30,71.2,71.36,71.2,71.3,4107
2023-07-05 14:15:00+05:30,71.3,71.48,71.1,71.45,16089
2023-07-05 15:15:00+05:30,71.45,71.48,71.26,71.4,3099
2023-07-06 09:15:00+05:30,72.16,72.16,71.98,72.02,22033
2023-07-06 10:15:00+05:30,72.02,72.22,71.98,72.2,6772
2023-07-06 11:15:00+05:30,72.17,72.3,72.17,72.3,6003
2023-07-06 12:15:00+05:30,72.3,72.44,72.26,72.35,8395
2023-07-06 13:15:00+05:30,72.32,72.39,72.29,72.29,3122
2023-07-06 14:15:00+05:30,72.29,72.53,72.26,72.5,36432
2023-07-06 15:15:00+05:30,72.5,72.5,72.24,72.34,6436
2023-07-07 09:15:00+05:30,71.79,71.79,71.38,71.41,15559
2023-07-07 10:15:00+05:30,71.41,71.55,71.41,71.5,103354
2023-07-07 11:15:00+05:30,71.5,71.5,71.41,71.45,3611
2023-07-07 12:15:00+05:30,71.45,71.5,71.22,71.5,3569
2023-07-07 13:15:00+05:30,71.5,71.5,71.4,71.43,4840
2023-07-07 14:15:00+05:30,71.43,71.52,71.4,71.44,1893
2023-07-07 15:15:00+05:30,71.44,71.44,71.27,71.44,2787
2023-07-10 09:15:00+05:30,71.91,72.15,71.91,71.99,7437
2023-07-10 10:15:00+05:30,71.96,72.0,71.91,71.94,3031
2023-07-10 11:15:00+05:30,71.94,72.14,71.92,72.09,3628
2023-07-10 12:15:00+05:30,72.09,72.21,72.07,72.2,6774
2023-07-10 13:15:00+05:30,72.09,72.21,72.09,72.16,2679
2023-07-10 14:15:00+05:30,72.16,72.27,72.16,72.25,9118
2023-07-10 15:15:00+05:30,72.25,72.35,72.2,72.21,8785
2023-07-11 09:15:00+05:30,72.68,72.68,72.25,72.38,3451
2023-07-11 10:15:00+05:30,72.38,72.5,72.28,72.5,4954
2023-07-11 11:15:00+05:30,72.5,72.78,72.28,72.78,18503
2023-07-11 12:15:00+05:30,72.78,72.98,72.55,72.69,1511245
2023-07-11 13:15:00+05:30,72.69,72.69,72.56,72.65,942
2023-07-11 14:15:00+05:30,72.65,72.69,72.63,72.65,831
2023-07-11 15:15:00+05:30,72.65,72.68,72.64,72.66,761
2023-07-12 09:15:00+05:30,72.88,72.89,72.38,72.58,10119
2023-07-12 10:15:00+05:30,72.58,72.67,72.55,72.62,1758
2023-07-12 11:15:00+05:30,72.62,72.62,72.44,72.44,4681
2023-07-12 12:15:00+05:30,72.44,72.58,72.26,72.3,6715
2023-07-12 13:15:00+05:30,72.3,72.44,72.26,72.26,368
2023-07-12 14:15:00+05:30,72.26,72.49,72.21,72.39,35291
2023-07-12 15:15:00+05:30,72.39,72.5,72.25,72.5,3130
2023-07-13 09:15:00+05:30,74.71,74.74,74.55,74.62,60317
2023-07-13 10:15:00+05:30,74.62,74.63,74.36,74.56,14304
2023-07-13 11:15:00+05:30,74.6,74.65,74.49,74.6,14142
2023-07-13 12:15:00+05:30,74.6,74.72,74.56,74.58,8070
2023-07-13 13:15:00+05:30,74.58,74.7,74.55,74.69,41360
2023-07-13 14:15:00+05:30,74.69,74.69,74.56,74.61,10917
2023-07-13 15:15:00+05:30,74.61,74.68,74.61,74.61,12807
2023-07-14 09:15:00+05:30,75.15,76.53,75.15,76.4,65879
2023-07-14 10:15:00+05:30,76.4,76.72,76.4,76.44,2074027
2023-07-14 11:15:00+05:30,76.45,76.72,76.2,76.22,120770
2023-07-14 12:15:00+05:30,76.22,76.41,76.02,76.1,17891
2023-07-14 13:15:00+05:30,76.1,76.34,76.1,76.27,6238
2023-07-14 14:15:00+05:30,76.27,76.32,76.21,76.28,4323
2023-07-14 15:15:00+05:30,76.28,76.28,76.17,76.19,9046
2023-07-17 09:15:00+05:30,76.26,76.74,76.26,76.7,20262
2023-07-17 10:15:00+05:30,76.7,76.7,76.48,76.55,6904
2023-07-17 11:15:00+05:30,76.55,76.55,76.45,76.45,16442
2023-07-17 12:15:00+05:30,76.43,76.54,76.43,76.51,4752
2023-07-17 13:15:00+05:30,76.43,76.59,76.43,76.55,5510
2023-07-17 14:15:00+05:30,76.55,76.55,76.29,76.35,10928
2023-07-17 15:15:00+05:30,76.35,76.56,76.33,76.5,9152
2023-07-18 09:15:00+05:30,76.47,76.74,76.47,76.57,9365
2023-07-18 10:15:00+05:30,76.69,76.74,76.54,76.56,6597
2023-07-18 11:15:00+05:30,76.63,76.75,76.52,76.55,17312
2023-07-18 12:15:00+05:30,76.55,76.87,76.55,76.67,5134
2023-07-18 13:15:00+05:30,76.65,76.75,76.55,76.57,2097
2023-07-18 14:15:00+05:30,76.84,76.84,76.54,76.58,3952
2023-07-18 15:15:00+05:30,76.53,76.69,76.53,76.69,2353
2023-07-19 09:15:00+05:30,77.63,77.63,76.85,77.2,2017232
2023-07-19 10:15:00+05:30,77.2,77.2,76.78,76.88,11963
2023-07-19 11:15:00+05:30,76.88,77.03,76.87,76.99,2599
2023-07-19 12:15:00+05:30,76.99,77.05,76.89,76.92,6712
2023-07-19 13:15:00+05:30,76.92,77.0,76.92,76.96,2451
2023-07-19 14:15:00+05:30,76.99,77.04,76.95,77.04,3474
2023-07-19 15:15:00+05:30,77.04,77.08,76.97,77.02,5897
2023-07-20 09:15:00+05:30,77.21,77.64,77.2,77.36,31010
2023-07-20 10:15:00+05:30,77.36,77.59,77.3,77.3,16280
2023-07-20 11:15:00+05:30,77.46,77.46,77.26,77.33,4232
2023-07-20 12:15:00+05:30,77.33,77.33,77.15,77.22,577
2023-07-20 13:15:00+05:30,77.25,77.45,77.21,77.45,14325
2023-07-20 14:15:00+05:30,77.45,77.54,77.31,77.4,29720
2023-07-20 15:15:00+05:30,77.4,77.5,77.34,77.5,2808
2023-07-21 09:15:00+05:30,76.88,76.88,76.2,76.54,1016285
2023-07-21 10:15:00+05:30,76.44,76.55,76.21,76.3,10832
2023-07-21 11:15:00+05:30,76.3,76.48,76.19,76.48,6246
2023-07-21 12:15:00+05:30,76.48,76.5,76.24,76.38,1077
2023-07-21 13:15:00+05:30,76.38,76.38,76.18,76.22,3288
2023-07-21 14:15:00+05:30,76.19,76.21,76.03,76.21,3811
2023-07-21 15:15:00+05:30,76.13,76.24,76.1,76.24,5514
2023-07-24 09:15:00+05:30,78.5,78.5,75.45,75.45,7894
2023-07-24 10:15:00+05:30,75.45,75.73,75.45,75.65,2932
2023-07-24 11:15:00+05:30,75.65,75.72,75.56,75.59,4061
2023-07-24 12:15:00+05:30,75.59,75.76,75.56,75.75,8249
2023-07-24 13:15:00+05:30,75.75,75.75,75.57,75.58,44071
2023-07-24 14:15:00+05:30,75.58,75.77,75.5,75.75,6010
2023-07-24 15:15:00+05:30,75.75,75.89,75.7,75.7,1478
2023-07-25 09:15:00+05:30,75.69,75.69,75.3,75.54,1502219
2023-07-25 10:15:00+05:30,75.54,75.57,75.36,75.53,23503
2023-07-25 11:15:00+05:30,75.54,75.54,75.36,75.47,3858
2023-07-25 12:15:00+05:30,75.52,75.57,75.47,75.56,2089
2023-07-25 13:15:00+05:30,75.51,75.79,75.46,75.79,2459
2023-07-25 14:15:00+05:30,75.79,75.89,75.62,75.81,1444
2023-07-25 15:15:00+05:30,75.81,75.94,75.71,75.86,22479
2023-07-26 09:15:00+05:30,75.98,75.98,75.72,75.94,921
2023-07-26 10:15:00+05:30,75.94,75.96,75.87,75.94,1800
2023-07-26 11:15:00+05:30,75.94,76.39,75.92,76.25,13413
2023-07-26 12:15:00+05:30,76.25,76.32,76.0,76.0,2675
2023-07-26 13:15:00+05:30,76.0,76.1,76.0,76.05,1623
2023-07-26 14:15:00+05:30,76.05,76.25,75.89,76.07,137264
2023-07-26 15:15:00+05:30,76.07,76.1,76.01,76.1,2493
2023-07-27 09:15:00+05:30,76.67,77.07,76.66,76.96,8327
2023-07-27 10:15:00+05:30,76.98,76.99,76.83,76.93,2552
2023-07-27 11:15:00+05:30,76.96,76.96,76.79,76.83,1690
2023-07-27 12:15:00+05:30,76.83,76.9,76.65,76.9,3564
2023-07-27 13:15:00+05:30,76.9,76.94,76.81,76.81,471
2023-07-27 14:15:00+05:30,76.81,76.89,76.56,76.67,6357
2023-07-27 15:15:00+05:30,76.67,76.9,76.67,76.85,2891
2023-07-28 09:15:00+05:30,75.28,75.98,75.05,75.15,12253
2023-07-28 10:15:00+05:30,75.15,75.16,74.91,75.13,19917
2023-07-28 11:15:00+05:30,75.13,75.13,75.0,75.08,3547
2023-07-28 12:15:00+05:30,75.08,75.1,74.99,75.05,2265
2023-07-28 13:15:00+05:30,75.05,75.06,74.95,74.99,3304
2023-07-28 14:15:00+05:30,74.99,75.01,74.91,75.01,6526
2023-07-28 15:15:00+05:30,75.01,75.16,74.94,75.15,2107
2023-07-31 09:15:00+05:30,75.14,75.18,75.05,75.05,3415
2023-07-31 10:15:00+05:30,75.05,75.25,75.05,75.23,2175
2023-07-31 11:15:00+05:30,75.23,75.34,75.14,75.27,4524
2023-07-31 12:15:00+05:30,75.27,75.27,75.13,75.19,820
2023-07-31 13:15:00+05:30,75.19,75.27,75.12,75.16,23770
2023-07-31 14:15:00+05:30,75.16,75.2,75.1,75.18,1077
2023-07-31 15:15:00+05:30,75.18,75.32,75.16,75.31,2303
2023-08-01 09:15:00+05:30,76.01,76.44,76.01,76.11,26103
2023-08-01 10:15:00+05:30,76.18,76.18,76.03,76.13,3414
2023-08-01 11:15:00+05:30,76.13,76.19,76.06,76.13,1069
2023-08-01 12:15:00+05:30,76.14,76.15,75.96,75.96,1650
2023-08-01 13:15:00+05:30,75.99,76.05,75.81,75.99,3354
2023-08-01 14:15:00+05:30,75.99,76.06,75.92,76.01,1920
2023-08-01 15:15:00+05:30,76.01,76.07,76.0,76.0,6185
2023-08-02 09:15:00+05:30,75.65,75.65,74.91,75.49,5394
2023-08-02 10:15:00+05:30,75.49,75.74,75.44,75.74,4664
2023-08-02 11:15:00+05:30,75.74,75.74,75.56,75.64,1282
2023-08-02 12:15:00+05:30,75.64,75.64,75.49,75.49,9241
2023-08-02 13:15:00+05:30,75.49,75.59,75.35,75.55,1316
2023-08-02 14:15:00+05:30,75.58,75.73,75.52,75.59,4626
2023-08-02 15:15:00+05:30,75.59,75.73,75.59,75.72,16959
2023-08-03 09:15:00+05:30,74.4,74.4,73.95,73.99,25498
2023-08-03 10:15:00+05:30,73.99,74.06,73.81,74.0,9098
2023-08-03 11:15:00+05:30,74.0,74.04,73.76,73.82,7307
2023-08-03 12:15:00+05:30,73.82,73.85,73.67,73.85,13010
2023-08-03 13:15:00+05:30,73.85,73.97,73.76,73.86,3402
2023-08-03 14:15:00+05:30,73.86,73.95,73.81,73.92,22998
2023-08-03 15:15:00+05:30,73.9,73.9,73.81,73.9,3771
2023-08-04 09:15:00+05:30,73.95,74.0,73.7,73.77,7910
2023-08-04 10:15:00+05:30,73.77,73.9,73.71,73.9,2190
2023-08-04 11:15:00+05:30,73.9,73.91,73.5,73.56,8841
2023-08-04 12:15:00+05:30,73.56,73.65,73.48,73.65,3253
2023-08-04 13:15:00+05:30,73.65,73.7,73.56,73.64,3587
2023-08-04 14:15:00+05:30,73.64,73.82,73.6,73.82,94233
2023-08-04 15:15:00+05:30,73.89,73.91,73.8,73.85,5999
2023-08-07 09:15:00+05:30,73.88,73.88,73.55,73.73,5631
2023-08-07 10:15:00+05:30,73.73,73.76,73.57,73.64,4196
2023-08-07 11:15:00+05:30,73.64,73.64,73.57,73.6,1259
2023-08-07 12:15:00+05:30,73.6,73.69,73.6,73.69,2555
2023-08-07 13:15:00+05:30,73.69,73.72,73.56,73.64,3776
2023-08-07 14:15:00+05:30,73.64,73.67,73.54,73.59,11519
2023-08-07 15:15:00+05:30,73.59,73.6,73.5,73.5,12905
2023-08-08 09:15:00+05:30,73.14,73.3,72.85,72.89,15511
2023-08-08 10:15:00+05:30,72.89,73.04,72.75,72.95,15934
2023-08-08 11:15:00+05:30,72.95,72.95,72.73,72.9,22594
2023-08-08 12:15:00+05:30,72.9,72.9,72.82,72.9,1265
2023-08-08 13:15:00+05:30,72.9,72.9,72.74,72.78,5673
2023-08-08 14:15:00+05:30,72.78,72.94,72.78,72.94,38483
2023-08-08 15:15:00+05:30,72.94,72.94,72.86,72.9,11377
2023-08-09 09:15:00+05:30,72.48,72.48,72.22,72.28,43092
2023-08-09 10:15:00+05:30,72.28,72.35,72.25,72.29,20061
2023-08-09 11:15:00+05:30,72.29,72.31,72.16,72.31,10330
2023-08-09 12:15:00+05:30,72.31,72.31,72.18,72.28,74363
2023-08-09 13:15:00+05:30,72.28,72.28,72.02,72.1,43873
2023-08-09 14:15:00+05:30,72.1,72.2,72.04,72.15,77897
2023-08-09 15:15:00+05:30,72.15,72.85,72.15,72.45,54314
2023-08-10 09:15:00+05:30,72.1,72.1,71.75,71.75,27068
2023-08-10 10:15:00+05:30,71.75,71.83,71.65,71.81,21439
2023-08-10 11:15:00+05:30,71.71,71.82,71.7,71.71,425442
2023-08-10 12:15:00+05:30,71.71,72.16,71.71,71.99,16209
2023-08-10 13:15:00+05:30,71.99,72.07,71.94,72.05,5408
2023-08-10 14:15:00+05:30,72.05,72.06,71.94,72.04,17637
2023-08-10 15:15:00+05:30,72.04,72.07,71.96,72.0,90860
2023-08-11 09:15:00+05:30,71.79,71.95,71.64,71.64,96466
2023-08-11 10:15:00+05:30,71.64,71.75,71.58,71.71,132468
2023-08-11 11:15:00+05:30,71.71,71.82,71.7,71.82,8485
2023-08-11 12:15:00+05:30,71.82,71.82,71.67,71.69,2907
2023-08-11 13:15:00+05:30,71.69,71.82,71.67,71.73,5961
2023-08-11 14:15:00+05:30,71.73,71.87,71.7,71.79,55937
2023-08-11 15:15:00+05:30,71.79,71.8,71.76,71.79,22177
2023-08-14 09:15:00+05:30,71.74,71.78,71.57,71.67,7201
2023-08-14 10:15:00+05:30,71.67,71.75,71.6,71.74,7317
2023-08-14 11:15:00+05:30,71.74,71.74,71.57,71.62,10671
2023-08-14 12:15:00+05:30,71.62,71.7,71.56,71.69,5557
2023-08-14 13:15:00+05:30,71.69,71.96,71.69,71.91,20401
2023-08-14 14:15:00+05:30,71.91,71.91,71.81,71.87,20736
2023-08-14 15:15:00+05:30,71.87,71.89,71.8,71.89,7733
2023-08-16 09:15:00+05:30,71.89,71.9,71.56,71.77,9406
2023-08-16 10:15:00+05:30,71.77,71.94,71.76,71.93,11935
2023-08-16 11:15:00+05:30,71.93,71.93,71.8,71.83,6462
2023-08-16 12:15:00+05:30,71.83,71.88,71.82,71.84,4746
2023-08-16 13:15:00+05:30,71.84,72.05,71.84,72.04,17361
2023-08-16 14:15:00+05:30,72.04,72.16,72.03,72.1,27293
2023-08-16 15:15:00+05:30,72.1,72.13,72.06,72.12,6246
2023-08-17 09:15:00+05:30,71.5,72.13,71.35,71.4,46722
2023-08-17 10:15:00+05:30,71.4,71.62,71.4,71.4,7362
2023-08-17 11:15:00+05:30,71.4,71.63,71.4,71.58,7681
2023-08-17 12:15:00+05:30,71.58,71.8,71.54,71.75,110715
2023-08-17 13:15:00+05:30,71.75,71.88,71.73,71.8,98592
2023-08-17 14:15:00+05:30,71.8,71.8,71.6,71.78,84423
2023-08-17 15:15:00+05:30,71.78,72.0,71.78,72.0,91998
2023-08-18 09:15:00+05:30,72.2,72.3,72.02,72.18,6343
2023-08-18 10:15:00+05:30,72.18,72.28,72.1,72.28,3194
2023-08-18 11:15:00+05:30,72.28,72.32,72.13,72.14,9277
2023-08-18 12:15:00+05:30,72.14,72.17,72.08,72.1,5209
2023-08-18 13:15:00+05:30,72.17,72.23,72.08,72.2,67954
2023-08-18 14:15:00+05:30,72.2,72.32,72.2,72.31,77482
2023-08-18 15:15:00+05:30,72.31,72.48,72.25,72.4,31743
2023-08-21 09:15:00+05:30,72.48,72.49,72.22,72.39,13892
2023-08-21 10:15:00+05:30,72.39,72.39,72.2,72.2,5192
2023-08-21 11:15:00+05:30,72.2,72.3,72.1,72.17,21491
2023-08-21 12:15:00+05:30,72.17,72.27,72.06,72.27,43074
2023-08-21 13:15:00+05:30,72.27,72.27,72.14,72.22,24355
2023-08-21 14:15:00+05:30,72.22,72.45,72.16,72.39,17608
2023-08-21 15:15:00+05:30,72.4,72.4,72.15,72.38,27747
2023-08-22 09:15:00+05:30,73.35,73.61,73.29,73.29,12607
2023-08-22 10:15:00+05:30,73.28,73.32,73.12,73.28,7071
2023-08-22 11:15:00+05:30,73.28,73.45,73.21,73.41,6106
2023-08-22 12:15:00+05:30,73.4,73.47,73.35,73.42,10721
2023-08-22 13:15:00+05:30,73.46,73.46,73.36,73.41,2920
2023-08-22 14:15:00+05:30,73.41,73.55,73.37,73.55,6321
2023-08-22 15:15:00+05:30,73.55,73.55,73.41,73.45,9593
2023-08-23 09:15:00+05:30,73.9,73.9,73.73,73.87,16209
2023-08-23 10:15:00+05:30,73.9,74.0,73.85,73.98,8735
2023-08-23 11:15:00+05:30,73.97,74.13,73.93,74.13,26135
2023-08-23 12:15:00+05:30,74.13,74.15,74.02,74.07,16663
2023-08-23 13:15:00+05:30,74.07,74.26,74.07,74.18,14990
2023-08-23 14:15:00+05:30,74.18,74.24,74.13,74.15,16571
2023-08-23 15:15:00+05:30,74.15,74.15,73.96,73.98,6536
2023-08-24 09:15:00+05:30,74.47,75.5,74.47,75.19,62129
2023-08-24 10:15:00+05:30,75.17,75.24,75.17,75.18,20634
2023-08-24 11:15:00+05:30,75.18,75.22,75.08,75.08,10144
2023-08-24 12:15:00+05:30,75.08,75.08,74.82,74.95,12220
2023-08-24 13:15:00+05:30,74.95,75.15,74.89,75.08,8981
2023-08-24 14:15:00+05:30,75.06,75.2,74.95,75.05,5607
2023-08-24 15:15:00+05:30,75.05,75.09,74.97,74.98,3711
2023-08-25 09:15:00+05:30,74.99,74.99,74.74,74.83,37420
2023-08-25 10:15:00+05:30,74.83,74.89,74.8,74.89,14759
2023-08-25 11:15:00+05:30,74.89,74.91,74.8,74.81,8466
2023-08-25 12:15:00+05:30,74.81,74.98,74.81,74.98,4188
2023-08-25 13:15:00+05:30,74.98,75.06,74.95,75.03,5915
2023-08-25 14:15:00+05:30,75.03,75.15,74.95,75.07,21861
2023-08-25 15:15:00+05:30,75.07,75.26,75.04,75.15,8167
2023-08-28 09:15:00+05:30,75.13,75.35,75.0,75.27,239147
2023-08-28 10:15:00+05:30,75.27,75.27,75.08,75.14,10170
2023-08-28 11:15:00+05:30,75.1,75.26,75.07,75.25,6663
2023-08-28 12:15:00+05:30,75.25,75.25,75.06,75.17,5413
2023-08-28 13:15:00+05:30,75.18,75.18,75.06,75.06,2183
2023-08-28 14:15:00+05:30,75.06,75.15,75.06,75.1,8956
2023-08-28 15:15:00+05:30,75.1,75.13,75.03,75.03,981
2023-08-29 09:15:00+05:30,75.68,75.68,75.35,75.36,10353
2023-08-29 10:15:00+05:30,75.36,75.4,75.26,75.4,4727
2023-08-29 11:15:00+05:30,75.4,75.4,75.29,75.32,1933
2023-08-29 12:15:00+05:30,75.32,75.34,75.18,75.33,3562
2023-08-29 13:15:00+05:30,75.33,75.33,75.18,75.3,1933
2023-08-29 14:15:00+05:30,75.29,75.29,75.19,75.28,4785
2023-08-29 15:15:00+05:30,75.28,75.3,75.19,75.2,4233
2023-08-30 09:15:00+05:30,75.84,76.1,75.84,76.01,35903
2023-08-30 10:15:00+05:30,76.01,76.05,75.99,76.01,18211
2023-08-30 11:15:00+05:30,76.01,76.05,75.98,76.0,12222
2023-08-30 12:15:00+05:30,76.0,76.06,75.96,76.06,10754
2023-08-30 13:15:00+05:30,76.06,76.09,75.95,76.06,9898
2023-08-30 14:15:00+05:30,76.05,76.12,75.97,76.11,7736
2023-08-30 15:15:00+05:30,76.11,76.31,76.1,76.28,51782
2023-08-31 09:15:00+05:30,76.18,76.18,75.82,75.98,3400
2023-08-31 10:15:00+05:30,75.98,75.99,75.91,75.98,1690
2023-08-31 11:15:00+05:30,75.98,75.99,75.63,75.75,17634
2023-08-31 12:15:00+05:30,75.75,75.97,75.64,75.97,3669
2023-08-31 13:15:00+05:30,75.9,75.9,75.8,75.8,3229
2023-08-31 14:15:00+05:30,75.8,75.94,75.74,75.9,6140
2023-08-31 15:15:00+05:30,75.9,75.97,75.87,75.88,3299
2023-09-01 09:15:00+05:30,75.59,75.84,75.59,75.8,6799
2023-09-01 10:15:00+05:30,75.8,75.84,75.73,75.83,3202
2023-09-01 11:15:00+05:30,75.83,75.98,75.72,75.8,11220
2023-09-01 12:15:00+05:30,75.8,76.14,75.77,76.06,13587
2023-09-01 13:15:00+05:30,76.06,76.07,75.93,76.0,3921
2023-09-01 14:15:00+05:30,76.0,76.19,75.97,76.11,5474
2023-09-01 15:15:00+05:30,76.11,76.29,76.1,76.27,16304
2023-09-04 09:15:00+05:30,75.44,75.54,75.22,75.3,12428
2023-09-04 10:15:00+05:30,75.3,75.47,75.23,75.37,207505
2023-09-04 11:15:00+05:30,75.37,75.41,75.16,75.17,8125
2023-09-04 12:15:00+05:30,75.17,75.29,75.17,75.18,7081
2023-09-04 13:15:00+05:30,75.18,75.26,75.12,75.19,5666
2023-09-04 14:15:00+05:30,75.19,75.3,75.02,75.1,8991
2023-09-04 15:15:00+05:30,75.1,75.23,75.0,75.02,3162
2023-09-05 09:15:00+05:30,77.35,77.35,74.37,74.72,7379
2023-09-05 10:15:00+05:30,74.72,74.72,74.52,74.53,12072
2023-09-05 11:15:00+05:30,74.53,74.53,74.26,74.26,8529
2023-09-05 12:15:00+05:30,74.26,74.33,74.14,74.19,5223
2023-09-05 13:15:00+05:30,74.19,74.2,73.88,73.95,89646
2023-09-05 14:15:00+05:30,73.95,73.95,73.88,73.93,17357
2023-09-05 15:15:00+05:30,73.8,73.94,73.8,73.92,23120
2023-09-06 09:15:00+05:30,74.11,74.15,73.87,74.04,21254
2023-09-06 10:15:00+05:30,74.04,74.06,73.97,74.06,1753
2023-09-06 11:15:00+05:30,74.06,74.06,73.8,73.81,6874
2023-09-06 12:15:00+05:30,73.81,73.85,73.65,73.67,9056
2023-09-06 13:15:00+05:30,73.67,73.68,73.55,73.68,4994
2023-09-06 14:15:00+05:30,73.67,73.73,73.64,73.7,6415
2023-09-06 15:15:00+05:30,73.65,73.85,73.65,73.85,114695
2023-09-07 09:15:00+05:30,72.95,73.1,72.94,73.0,22554
2023-09-07 10:15:00+05:30,73.0,73.01,72.94,72.98,17249
2023-09-07 11:15:00+05:30,72.98,73.0,72.91,72.99,4870
2023-09-07 12:15:00+05:30,72.99,72.99,72.88,72.89,6324
2023-09-07 13:15:00+05:30,72.89,72.9,72.8,72.9,14985
2023-09-07 14:15:00+05:30,72.9,73.22,72.8,73.1,8694
2023-09-07 15:15:00+05:30,73.1,73.1,73.05,73.08,4725
2023-09-08 09:15:00+05:30,73.09,73.1,72.85,73.0,14497
2023-09-08 10:15:00+05:30,73.0,73.04,72.92,73.04,10673
2023-09-08 11:15:00+05:30,72.97,73.17,72.96,73.0,11433
2023-09-08 12:15:00+05:30,73.0,73.06,72.76,72.84,19159
2023-09-08 13:15:00+05:30,72.84,72.84,72.63,72.7,18193
2023-09-08 14:15:00+05:30,72.7,72.74,72.67,72.74,21184
2023-09-08 15:15:00+05:30,72.74,72.76,72.73,72.75,36046
2023-09-11 09:15:00+05:30,72.94,72.94,72.46,72.73,10792
2023-09-11 10:15:00+05:30,72.71,72.83,72.71,72.8,7770
2023-09-11 11:15:00+05:30,72.8,72.88,72.78,72.85,6835
2023-09-11 12:15:00+05:30,72.85,73.08,72.85,72.99,8748
2023-09-11 13:15:00+05:30,72.91,73.11,72.85,73.07,4631
2023-09-11 14:15:00+05:30,73.07,73.34,73.05,73.11,51360
2023-09-11 15:15:00+05:30,73.15,73.16,73.12,73.15,6240
2023-09-12 09:15:00+05:30,73.14,73.37,73.14,73.24,11816
2023-09-12 10:15:00+05:30,73.24,73.29,73.15,73.27,18658
2023-09-12 11:15:00+05:30,73.27,73.27,72.8,73.07,12522
2023-09-12 12:15:00+05:30,73.07,73.1,73.01,73.02,2161
2023-09-12 13:15:00+05:30,73.02,73.18,73.01,73.06,5169
2023-09-12 14:15:00+05:30,73.06,73.17,73.01,73.01,30638
2023-09-12 15:15:00+05:30,73.01,73.06,72.9,72.93,10079
2023-09-13 09:15:00+05:30,72.75,72.75,72.57,72.69,11505
2023-09-13 10:15:00+05:30,72.69,72.69,72.63,72.68,13275
2023-09-13 11:15:00+05:30,72.61,72.68,72.38,72.45,53423
2023-09-13 12:15:00+05:30,72.51,72.52,72.38,72.52,65795
2023-09-13 13:15:00+05:30,72.52,72.67,72.52,72.65,8745
2023-09-13 14:15:00+05:30,72.65,72.68,72.5,72.64,24474
2023-09-13 15:15:00+05:30,72.64,72.64,72.55,72.6,12683
2023-09-14 09:15:00+05:30,72.5,72.5,72.21,72.24,15004
2023-09-14 10:15:00+05:30,72.24,72.34,72.23,72.29,7933
2023-09-14 11:15:00+05:30,72.29,72.3,71.75,71.8,37079
2023-09-14 12:15:00+05:30,71.8,71.98,71.73,71.8,22607
2023-09-14 13:15:00+05:30,71.8,71.98,71.7,71.98,26266
2023-09-14 14:15:00+05:30,71.88,71.93,71.79,71.85,16378
2023-09-14 15:15:00+05:30,71.85,71.89,71.78,71.86,12879
2023-09-15 09:15:00+05:30,72.66,72.98,72.65,72.87,22194
2023-09-15 10:15:00+05:30,72.87,72.93,72.85,72.9,12284
2023-09-15 11:15:00+05:30,72.9,73.31,72.9,73.1,12690
2023-09-15 12:15:00+05:30,73.1,73.22,73.03,73.22,3995
2023-09-15 13:15:00+05:30,73.22,73.24,73.15,73.22,3390
2023-09-15 14:15:00+05:30,73.22,73.26,73.16,73.25,5136
2023-09-15 15:15:00+05:30,73.25,73.47,73.24,73.26,13000
2023-09-18 09:15:00+05:30,73.38,73.98,73.38,73.65,17366
2023-09-18 10:15:00+05:30,73.65,73.79,73.51,73.77,9115
2023-09-18 11:15:00+05:30,73.77,73.77,73.63,73.63,4503
2023-09-18 12:15:00+05:30,73.67,73.71,73.58,73.67,74652
2023-09-18 13:15:00+05:30,73.68,73.68,73.52,73.55,8363
2023-09-18 14:15:00+05:30,73.6,73.67,73.51,73.64,7818
2023-09-18 15:15:00+05:30,73.64,73.69,73.6,73.69,7056
2023-09-20 09:15:00+05:30,73.4,73.69,73.4,73.44,6541
2023-09-20 10:15:00+05:30,73.44,73.54,73.41,73.54,4823
2023-09-20 11:15:00+05:30,73.54,73.75,73.52,73.74,11950
2023-09-20 12:15:00+05:30,73.74,73.87,73.71,73.74,5339
2023-09-20 13:15:00+05:30,73.74,73.75,73.6,73.75,7793
2023-09-20 14:15:00+05:30,73.75,73.8,73.7,73.74,3564
2023-09-20 15:15:00+05:30,73.74,73.8,73.7,73.8,3182
2023-09-21 09:15:00+05:30,73.49,73.6,73.48,73.59,7852
2023-09-21 10:15:00+05:30,73.59,73.6,73.46,73.57,1958
2023-09-21 11:15:00+05:30,73.57,73.78,73.47,73.74,5810
2023-09-21 12:15:00+05:30,73.74,73.78,73.65,73.7,2230
2023-09-21 13:15:00+05:30,73.62,73.66,73.5,73.56,8253
2023-09-21 14:15:00+05:30,73.56,73.56,73.38,73.55,40775
2023-09-21 15:15:00+05:30,73.55,73.55,73.5,73.54,2535
2023-09-22 09:15:00+05:30,74.43,74.45,74.01,74.33,331846
2023-09-22 10:15:00+05:30,74.33,74.35,74.15,74.22,14736
2023-09-22 11:15:00+05:30,74.17,74.52,74.17,74.45,23188
2023-09-22 12:15:00+05:30,74.45,74.65,74.4,74.57,15960
2023-09-22 13:15:00+05:30,74.57,74.64,74.44,74.47,13289
2023-09-22 14:15:00+05:30,74.47,74.62,74.41,74.43,7914
2023-09-22 15:15:00+05:30,74.43,74.55,74.4,74.48,3984
2023-09-25 09:15:00+05:30,74.24,74.6,74.22,74.39,13211
2023-09-25 10:15:00+05:30,74.39,74.4,74.3,74.4,2755
2023-09-25 11:15:00+05:30,74.4,74.4,74.22,74.26,4899
2023-09-25 12:15:00+05:30,74.31,74.65,74.25,74.63,8561
2023-09-25 13:15:00+05:30,74.63,74.63,74.23,74.26,9094
2023-09-25 14:15:00+05:30,74.36,74.37,74.19,74.35,17274
2023-09-25 15:15:00+05:30,74.35,74.44,74.31,74.44,2874
2023-09-26 09:15:00+05:30,73.05,73.34,72.45,73.06,13905
2023-09-26 10:15:00+05:30,73.05,73.1,73.03,73.03,4878
2023-09-26 11:15:00+05:30,73.03,73.08,72.91,72.97,15899
2023-09-26 12:15:00+05:30,72.97,73.1,72.8,73.1,15641
2023-09-26 13:15:00+05:30,73.19,73.3,73.06,73.25,6289
2023-09-26 14:15:00+05:30,73.25,73.25,73.04,73.19,37424
2023-09-26 15:15:00+05:30,73.19,73.27,73.12,73.12,3451
2023-09-27 09:15:00+05:30,72.59,72.84,72.45,72.45,22353
2023-09-27 10:15:00+05:30,72.48,72.5,72.4,72.48,13751
2023-09-27 11:15:00+05:30,72.49,72.68,72.45,72.6,7312
2023-09-27 12:15:00+05:30,72.6,72.78,72.55,72.6,5278
2023-09-27 13:15:00+05:30,72.6,72.67,72.5,72.56,14813
2023-09-27 14:15:00+05:30,72.56,72.67,72.56,72.6,23228
2023-09-27 15:15:00+05:30,72.6,72.66,72.57,72.6,4925
2023-09-28 09:15:00+05:30,71.75,72.19,71.75,71.95,34655
2023-09-28 10:15:00+05:30,71.95,72.0,71.93,71.99,9655
2023-09-28 11:15:00+05:30,71.99,72.03,71.9,71.94,11696
2023-09-28 12:15:00+05:30,71.94,72.19,71.93,72.1,4541
2023-09-28 13:15:00+05:30,72.1,72.1,71.91,71.99,5224
2023-09-28 14:15:00+05:30,71.99,72.05,71.95,72.05,6148
2023-09-28 15:15:00+05:30,72.05,72.28,72.0,72.15,6085
2023-09-29 09:15:00+05:30,72.53,72.85,72.53,72.85,11736
2023-09-29 10:15:00+05:30,72.78,72.94,72.78,72.94,18881
2023-09-29 11:15:00+05:30,72.94,73.19,72.89,73.17,14338
2023-09-29 12:15:00+05:30,73.18,73.18,73.04,73.16,1010
2023-09-29 13:15:00+05:30,73.16,73.16,72.95,73.06,5191
2023-09-29 14:15:00+05:30,73.06,73.15,72.93,73.03,8815
2023-09-29 15:15:00+05:30,73.03,73.17,73.03,73.17,6607
2023-10-03 09:15:00+05:30,69.0,70.2,68.7,69.45,278412
2023-10-03 10:15:00+05:30,69.45,69.65,69.41,69.6,68483
2023-10-03 11:15:00+05:30,69.6,69.88,69.55,69.88,43064
2023-10-03 12:15:00+05:30,69.88,70.35,69.84,70.0,77483
2023-10-03 13:15:00+05:30,70.0,70.18,69.84,69.85,45967
2023-10-03 14:15:00+05:30,69.85,70.29,69.85,70.2,181676
2023-10-03 15:15:00+05:30,70.2,71.25,70.15,71.0,59429
2023-10-04 09:15:00+05:30,70.52,70.68,69.94,70.26,461377
2023-10-04 10:15:00+05:30,70.26,70.37,69.65,69.7,180082
2023-10-04 11:15:00+05:30,69.7,69.7,69.36,69.4,59928
2023-10-04 12:15:00+05:30,69.4,69.5,69.36,69.5,19436
2023-10-04 13:15:00+05:30,69.5,69.6,69.48,69.6,35920
2023-10-04 14:15:00+05:30,69.6,70.08,69.58,70.07,136806
2023-10-04 15:15:00+05:30,70.07,70.28,70.0,70.2,5290
2023-10-05 09:15:00+05:30,70.21,70.44,70.16,70.39,17292
2023-10-05 10:15:00+05:30,70.39,70.62,70.36,70.4,22773
2023-10-05 11:15:00+05:30,70.4,70.48,70.34,70.47,796575
2023-10-05 12:15:00+05:30,70.47,70.63,70.39,70.62,24050
2023-10-05 13:15:00+05:30,70.62,70.62,70.49,70.6,1008739
2023-10-05 14:15:00+05:30,70.6,71.24,70.59,71.23,42458
2023-10-05 15:15:00+05:30,71.23,71.5,71.1,71.49,12495
2023-10-06 09:15:00+05:30,71.21,72.39,71.04,71.68,38701
2023-10-06 10:15:00+05:30,71.68,71.74,71.53,71.74,10872
2023-10-06 11:15:00+05:30,71.74,71.74,71.5,71.74,15486
2023-10-06 12:15:00+05:30,71.74,71.75,71.7,71.7,6061
2023-10-06 13:15:00+05:30,71.75,72.0,71.75,71.98,13648
2023-10-06 14:15:00+05:30,71.98,72.25,71.94,72.25,21354
2023-10-06 15:15:00+05:30,72.12,72.35,72.1,72.35,15295
2023-10-09 09:15:00+05:30,72.18,73.77,71.45,71.9,52644
2023-10-09 10:15:00+05:30,71.9,71.98,71.74,71.84,6912
2023-10-09 11:15:00+05:30,71.84,71.97,71.77,71.96,287558
2023-10-09 12:15:00+05:30,71.96,71.97,71.66,71.73,6959
2023-10-09 13:15:00+05:30,71.73,71.98,71.73,71.9,11599
2023-10-09 14:15:00+05:30,71.94,72.59,71.4,71.48,46474
2023-10-09 15:15:00+05:30,71.48,71.56,70.8,71.3,51087
2023-10-10 09:15:00+05:30,71.74,71.75,71.18,71.44,14808
2023-10-10 10:15:00+05:30,71.44,71.65,71.35,71.58,8306
2023-10-10 11:15:00+05:30,71.58,71.7,71.43,71.67,8845
2023-10-10 12:15:00+05:30,71.67,71.78,71.5,71.78,1797
2023-10-10 13:15:00+05:30,71.78,71.8,71.56,71.7,4378
2023-10-10 14:15:00+05:30,71.7,71.9,71.65,71.9,128234
2023-10-10 15:15:00+05:30,71.9,72.1,71.9,72.0,27779
2023-10-11 09:15:00+05:30,72.58,72.58,71.51,71.67,6087
2023-10-11 10:15:00+05:30,71.67,72.08,71.65,72.08,5130
2023-10-11 11:15:00+05:30,72.08,72.08,71.72,71.95,5101
2023-10-11 12:15:00+05:30,71.95,72.05,71.92,72.04,7595
2023-10-11 13:15:00+05:30,72.04,72.18,72.0,72.18,7166
2023-10-11 14:15:00+05:30,72.18,72.2,72.08,72.2,40430
2023-10-11 15:15:00+05:30,72.2,72.25,71.85,71.85,83135
2023-10-12 09:15:00+05:30,72.16,72.16,71.61,71.86,31373
2023-10-12 10:15:00+05:30,71.86,71.95,71.76,71.88,4522
2023-10-12 11:15:00+05:30,71.88,71.9,71.72,71.73,10993
2023-10-12 12:15:00+05:30,71.73,71.8,71.73,71.73,6581
2023-10-12 13:15:00+05:30,71.78,71.8,71.46,71.66,40220
2023-10-12 14:15:00+05:30,71.67,71.85,71.67,71.85,23327
2023-10-12 15:15:00+05:30,71.84,71.84,71.42,71.6,20466
2023-10-13 09:15:00+05:30,71.2,71.59,71.11,71.18,19730
2023-10-13 10:15:00+05:30,71.29,71.34,71.23,71.34,2700
2023-10-13 11:15:00+05:30,71.34,71.35,71.3,71.3,3253
2023-10-13 12:15:00+05:30,71.3,71.69,71.3,71.65,2576
2023-10-13 13:15:00+05:30,71.65,71.66,71.61,71.61,3722
2023-10-13 14:15:00+05:30,71.61,71.63,71.31,71.6,6645
2023-10-13 15:15:00+05:30,71.6,71.66,71.56,71.63,27417
2023-10-16 09:15:00+05:30,72.62,73.35,72.15,72.47,19036
2023-10-16 10:15:00+05:30,72.47,72.52,72.4,72.47,5574
2023-10-16 11:15:00+05:30,72.46,72.47,72.28,72.34,5200
2023-10-16 12:15:00+05:30,72.34,72.35,72.25,72.32,4790
2023-10-16 13:15:00+05:30,72.32,72.4,72.22,72.32,7032
2023-10-16 14:15:00+05:30,72.32,72.4,72.23,72.39,8172
2023-10-16 15:15:00+05:30,72.39,72.5,72.35,72.35,43289
2023-10-17 09:15:00+05:30,72.46,72.46,72.01,72.19,18287
2023-10-17 10:15:00+05:30,72.15,72.2,72.02,72.1,7379
2023-10-17 11:15:00+05:30,72.1,72.15,72.1,72.11,2522
2023-10-17 12:15:00+05:30,72.11,72.2,72.09,72.2,12223
2023-10-17 13:15:00+05:30,72.2,72.22,72.18,72.22,1578
2023-10-17 14:15:00+05:30,72.22,72.54,72.16,72.5,24191
2023-10-17 15:15:00+05:30,72.5,72.79,72.3,72.3,33197
2023-10-18 09:15:00+05:30,73.64,73.64,73.02,73.23,20637
2023-10-18 10:15:00+05:30,73.25,73.4,73.2,73.33,13570
2023-10-18 11:15:00+05:30,73.33,73.35,73.1,73.14,16989
2023-10-18 12:15:00+05:30,73.14,73.17,73.05,73.08,7453
2023-10-18 13:15:00+05:30,73.12,73.35,73.05,73.26,20518
2023-10-18 14:15:00+05:30,73.26,73.44,73.16,73.44,39971
2023-10-18 15:15:00+05:30,73.44,73.55,73.33,73.45,19014
2023-10-19 09:15:00+05:30,73.34,73.34,72.48,72.92,24664
2023-10-19 10:15:00+05:30,72.92,73.0,72.89,72.99,1879
2023-10-19 11:15:00+05:30,73.0,73.08,72.76,72.96,4551
2023-10-19 12:15:00+05:30,72.96,73.19,72.96,73.19,2896
2023-10-19 13:15:00+05:30,73.19,73.24,73.08,73.1,2212
2023-10-19 14:15:00+05:30,73.1,73.13,72.71,72.84,38234
2023-10-19 15:15:00+05:30,72.83,72.9,72.83,72.88,6108
2023-10-20 09:15:00+05:30,72.9,73.19,72.89,72.89,9585
2023-10-20 10:15:00+05:30,72.88,73.0,72.8,73.0,3095
2023-10-20 11:15:00+05:30,73.0,73.09,72.84,73.0,5418
2023-10-20 12:15:00+05:30,73.0,73.0,72.69,72.75,7740
2023-10-20 13:15:00+05:30,72.75,73.26,72.75,73.18,12620
2023-10-20 14:15:00+05:30,73.18,73.39,73.17,73.31,13459
2023-10-20 15:15:00+05:30,73.31,73.36,73.12,73.2,8031
2023-10-23 09:15:00+05:30,73.24,73.65,73.24,73.49,37438
2023-10-23 10:15:00+05:30,73.49,73.6,73.4,73.6,7548
2023-10-23 11:15:00+05:30,73.6,73.64,73.5,73.53,7501
2023-10-23 12:15:00+05:30,73.55,73.6,73.4,73.4,8757
2023-10-23 13:15:00+05:30,73.4,73.55,73.4,73.5,8708
2023-10-23 14:15:00+05:30,73.5,73.65,73.44,73.52,19072
2023-10-23 15:15:00+05:30,73.45,73.59,73.31,73.45,27152
2023-10-25 09:15:00+05:30,73.14,73.14,72.43,72.94,14336
2023-10-25 10:15:00+05:30,72.94,73.04,72.85,72.87,8679
2023-10-25 11:15:00+05:30,72.87,73.19,72.71,73.15,11761
2023-10-25 12:15:00+05:30,73.14,73.14,72.71,72.87,3433
2023-10-25 13:15:00+05:30,72.87,72.89,72.64,72.76,5433
2023-10-25 14:15:00+05:30,72.76,72.86,72.64,72.65,5915
2023-10-25 15:15:00+05:30,72.65,72.7,72.51,72.51,31870
2023-10-26 09:15:00+05:30,72.76,72.99,72.76,72.89,14286
2023-10-26 10:15:00+05:30,72.89,73.0,72.79,72.93,17648
2023-10-26 11:15:00+05:30,72.93,72.99,72.71,72.91,7057
2023-10-26 12:15:00+05:30,72.91,73.0,72.8,72.94,4028
2023-10-26 13:15:00+05:30,72.94,73.14,72.86,73.06,7337
2023-10-26 14:15:00+05:30,73.06,73.17,73.04,73.08,7627
2023-10-26 15:15:00+05:30,73.08,73.14,73.04,73.1,5012
2023-10-27 09:15:00+05:30,72.89,73.05,72.74,72.99,12871
2023-10-27 10:15:00+05:30,72.99,73.05,72.8,72.89,7225
2023-10-27 11:15:00+05:30,72.89,72.99,72.7,72.99,4919
2023-10-27 12:15:00+05:30,72.99,72.99,72.52,72.53,15268
2023-10-27 13:15:00+05:30,72.53,72.8,72.53,72.63,3084
2023-10-27 14:15:00+05:30,72.63,72.72,72.6,72.69,58510
2023-10-27 15:15:00+05:30,72.69,72.72,72.6,72.6,7579
2023-10-30 09:15:00+05:30,72.67,73.58,72.67,73.29,5157
2023-10-30 10:15:00+05:30,73.29,73.29,73.14,73.22,1355
2023-10-30 11:15:00+05:30,73.22,73.22,73.02,73.1,5100
2023-10-30 12:15:00+05:30,73.1,73.22,73.01,73.01,21828
2023-10-30 13:15:00+05:30,73.01,73.09,73.01,73.09,12115
2023-10-30 14:15:00+05:30,73.09,73.39,73.07,73.39,13027
2023-10-30 15:15:00+05:30,73.39,73.48,73.3,73.32,2640
2023-10-31 09:15:00+05:30,73.63,73.63,73.26,73.39,13419
2023-10-31 10:15:00+05:30,73.39,73.44,73.3,73.43,6422
2023-10-31 11:15:00+05:30,73.43,73.44,73.36,73.4,986
2023-10-31 12:15:00+05:30,73.4,73.44,73.35,73.44,2349
2023-10-31 13:15:00+05:30,73.44,73.48,73.36,73.36,4247
2023-10-31 14:15:00+05:30,73.44,73.59,73.36,73.47,12180
2023-10-31 15:15:00+05:30,73.47,73.65,73.47,73.65,33557
2023-11-01 09:15:00+05:30,73.35,73.35,72.35,72.44,20359
2023-11-01 10:15:00+05:30,72.44,72.46,72.34,72.34,7931
2023-11-01 11:15:00+05:30,72.34,72.78,72.26,72.69,10160
2023-11-01 12:15:00+05:30,72.69,72.69,72.26,72.4,2856
2023-11-01 13:15:00+05:30,72.4,72.4,72.26,72.3,3006
2023-11-01 14:15:00+05:30,72.3,72.49,72.21,72.22,19873
2023-11-01 15:15:00+05:30,72.4,72.48,72.3,72.48,2685
2023-11-02 09:15:00+05:30,73.03,73.59,72.82,72.91,4124
2023-11-02 10:15:00+05:30,72.91,73.14,72.89,73.06,4856
2023-11-02 11:15:00+05:30,73.06,73.06,72.97,72.97,808
2023-11-02 12:15:00+05:30,72.97,73.06,72.94,73.04,1299
2023-11-02 13:15:00+05:30,73.04,73.06,72.97,73.03,211
2023-11-02 14:15:00+05:30,73.03,73.29,73.03,73.28,4249
2023-11-02 15:15:00+05:30,73.28,73.39,73.2,73.2,1053
2023-11-03 09:15:00+05:30,72.64,72.64,72.4,72.5,16371
2023-11-03 10:15:00+05:30,72.53,72.57,72.45,72.56,3279
2023-11-03 11:15:00+05:30,72.56,72.56,72.45,72.45,1653
2023-11-03 12:15:00+05:30,72.45,72.49,72.38,72.48,1818
2023-11-03 13:15:00+05:30,72.48,72.49,72.39,72.43,1089
2023-11-03 14:15:00+05:30,72.43,72.53,72.41,72.43,26481
2023-11-03 15:15:00+05:30,72.43,72.47,72.4,72.4,5495
2023-11-06 09:15:00+05:30,73.21,73.3,73.12,73.27,10871
2023-11-06 10:15:00+05:30,73.27,73.27,73.17,73.23,1865
2023-11-06 11:15:00+05:30,73.23,73.3,73.21,73.3,5915
2023-11-06 12:15:00+05:30,73.3,73.38,73.26,73.32,4122
2023-11-06 13:15:00+05:30,73.32,73.32,73.22,73.28,13663
2023-11-06 14:15:00+05:30,73.23,73.31,73.23,73.28,729
2023-11-06 15:15:00+05:30,73.33,73.34,73.2,73.2,8293
2023-11-07 09:15:00+05:30,72.88,72.99,70.35,72.89,9617
2023-11-07 10:15:00+05:30,72.89,72.92,72.8,72.88,2362
2023-11-07 11:15:00+05:30,72.88,72.97,72.8,72.81,4941
2023-11-07 12:15:00+05:30,72.92,72.92,72.6,72.64,4369
2023-11-07 13:15:00+05:30,72.64,72.64,72.41,72.63,3313
2023-11-07 14:15:00+05:30,72.63,72.89,72.4,72.69,3650
2023-11-07 15:15:00+05:30,72.69,72.69,72.56,72.64,1042
2023-11-08 09:15:00+05:30,72.39,72.39,71.95,72.03,23599
2023-11-08 10:15:00+05:30,72.03,72.06,71.9,71.91,14731
2023-11-08 11:15:00+05:30,71.91,72.06,71.86,72.06,17190
2023-11-08 12:15:00+05:30,72.06,72.06,71.87,71.97,5247
2023-11-08 13:15:00+05:30,71.97,72.15,71.97,72.15,3024
2023-11-08 14:15:00+05:30,72.04,72.15,72.03,72.05,2860
2023-11-08 15:15:00+05:30,72.05,72.05,71.81,72.02,10029
2023-11-09 09:15:00+05:30,71.96,71.96,71.75,71.79,6268
2023-11-09 10:15:00+05:30,71.79,71.85,71.79,71.79,9344
2023-11-09 11:15:00+05:30,71.79,71.91,71.77,71.89,130217
2023-11-09 12:15:00+05:30,71.81,71.9,71.81,71.9,2243
2023-11-09 13:15:00+05:30,71.9,71.94,71.8,71.85,2530
2023-11-09 14:15:00+05:30,71.85,71.94,71.76,71.9,7690
2023-11-09 15:15:00+05:30,71.9,71.91,71.65,71.88,12148
2023-11-10 09:15:00+05:30,72.68,72.68,72.31,72.43,22082
2023-11-10 10:15:00+05:30,72.45,72.49,72.35,72.44,9202
2023-11-10 11:15:00+05:30,72.44,72.54,72.43,72.54,2151
2023-11-10 12:15:00+05:30,72.54,72.54,72.25,72.31,13725
2023-11-10 13:15:00+05:30,72.31,72.51,72.31,72.49,7214
2023-11-10 14:15:00+05:30,72.49,72.49,72.38,72.4,31356
2023-11-10 15:15:00+05:30,72.4,72.4,72.2,72.3,11096
2023-11-12 18:15:00+05:30,72.99,72.99,71.6,71.6,84010
2023-11-13 09:15:00+05:30,71.48,71.58,71.4,71.48,11138
2023-11-13 10:15:00+05:30,71.48,71.6,71.3,71.39,28186
2023-11-13 11:15:00+05:30,71.39,71.49,71.39,71.45,4766
2023-11-13 12:15:00+05:30,71.45,71.49,71.45,71.49,5329
2023-11-13 13:15:00+05:30,71.49,71.49,71.4,71.44,3536
2023-11-13 14:15:00+05:30,71.44,71.5,71.35,71.47,6846
2023-11-13 15:15:00+05:30,71.47,71.52,71.3,71.3,58528
2023-11-15 09:15:00+05:30,73.31,73.98,72.86,73.0,38142
2023-11-15 10:15:00+05:30,73.0,73.1,73.0,73.04,12272
2023-11-15 11:15:00+05:30,73.04,73.3,73.02,73.27,11342
2023-11-15 12:15:00+05:30,73.27,73.31,73.07,73.29,19677
2023-11-15 13:15:00+05:30,73.29,73.5,73.21,73.35,23328
2023-11-15 14:15:00+05:30,73.35,73.45,73.26,73.45,18399
2023-11-15 15:15:00+05:30,73.5,73.55,73.5,73.55,25469
2023-11-16 09:15:00+05:30,73.5,73.58,73.32,73.54,29108
2023-11-16 10:15:00+05:30,73.54,73.58,73.46,73.58,9737
2023-11-16 11:15:00+05:30,73.58,73.68,73.55,73.58,10065
2023-11-16 12:15:00+05:30,73.58,73.9,73.58,73.89,52761
2023-11-16 13:15:00+05:30,73.89,73.89,73.75,73.87,14632
2023-11-16 14:15:00+05:30,73.87,74.15,73.8,74.15,61515
2023-11-16 15:15:00+05:30,74.15,74.2,73.95,74.03,73553
2023-11-17 09:15:00+05:30,74.26,74.55,74.26,74.5,39514
2023-11-17 10:15:00+05:30,74.5,74.51,74.32,74.43,16738
2023-11-17 11:15:00+05:30,74.36,74.44,74.36,74.4,9972
2023-11-17 12:15:00+05:30,74.4,74.45,74.32,74.45,4703
2023-11-17 13:15:00+05:30,74.45,74.9,74.42,74.9,86860
2023-11-17 14:15:00+05:30,74.9,74.95,74.87,74.89,42224
2023-11-17 15:15:00+05:30,74.89,74.9,74.63,74.81,13745
2023-11-20 09:15:00+05:30,74.4,74.69,74.25,74.43,9620
2023-11-20 10:15:00+05:30,74.55,74.55,74.26,74.45,5891
2023-11-20 11:15:00+05:30,74.45,74.5,74.06,74.25,11237
2023-11-20 12:15:00+05:30,74.25,74.34,74.14,74.32,7752
2023-11-20 13:15:00+05:30,74.32,74.32,73.92,73.97,5175
2023-11-20 14:15:00+05:30,73.97,74.15,73.96,74.08,485172
2023-11-20 15:15:00+05:30,74.08,74.29,74.01,74.25,4273
2023-11-21 09:15:00+05:30,74.33,74.74,74.26,74.48,10112
2023-11-21 10:15:00+05:30,74.48,74.67,74.47,74.5,15447
2023-11-21 11:15:00+05:30,74.5,74.55,74.39,74.45,7003
2023-11-21 12:15:00+05:30,74.39,74.5,74.37,74.38,5027
2023-11-21 13:15:00+05:30,74.38,74.5,74.38,74.38,12719
2023-11-21 14:15:00+05:30,74.38,74.38,74.1,74.19,12554
2023-11-21 15:15:00+05:30,74.19,74.24,74.1,74.24,1655
2023-11-22 09:15:00+05:30,74.32,74.55,74.32,74.54,9719
2023-11-22 10:15:00+05:30,74.55,74.69,74.52,74.69,16935
2023-11-22 11:15:00+05:30,74.69,74.75,74.57,74.62,6414
2023-11-22 12:15:00+05:30,74.62,74.69,74.57,74.68,19191
2023-11-22 13:15:00+05:30,74.68,74.85,74.62,74.7,20584
2023-11-22 14:15:00+05:30,74.76,74.8,74.6,74.8,8981
2023-11-22 15:15:00+05:30,74.8,74.8,74.75,74.76,3197
2023-11-23 09:15:00+05:30,74.72,74.72,74.25,74.51,2255
2023-11-23 10:15:00+05:30,74.44,74.7,74.33,74.51,5996
2023-11-23 11:15:00+05:30,74.43,74.65,74.42,74.55,3713
2023-11-23 12:15:00+05:30,74.47,74.67,74.46,74.49,2248
2023-11-23 13:15:00+05:30,74.49,74.59,74.46,74.46,107
2023-11-23 14:15:00+05:30,74.46,74.6,74.34,74.51,26765
2023-11-23 15:15:00+05:30,74.51,74.63,74.51,74.55,2364
2023-11-24 09:15:00+05:30,74.52,74.53,74.0,74.5,3426
2023-11-24 10:15:00+05:30,74.5,74.52,74.43,74.52,1497
2023-11-24 11:15:00+05:30,74.44,74.52,74.44,74.52,763
2023-11-24 12:15:00+05:30,74.52,74.52,74.31,74.34,215559
2023-11-24 13:15:00+05:30,74.34,74.34,74.31,74.33,1274
2023-11-24 14:15:00+05:30,74.34,74.39,74.33,74.39,4288
2023-11-24 15:15:00+05:30,74.39,74.59,74.34,74.34,1785
2023-11-28 09:15:00+05:30,74.39,75.96,74.39,75.9,116817
2023-11-28 10:15:00+05:30,75.9,76.03,75.87,75.9,28005
2023-11-28 11:15:00+05:30,75.9,76.02,75.8,75.97,42392
2023-11-28 12:15:00+05:30,76.0,76.01,75.91,75.91,17677
2023-11-28 13:15:00+05:30,75.91,75.94,75.83,75.91,931300
2023-11-28 14:15:00+05:30,75.91,76.07,75.84,76.06,34569
2023-11-28 15:15:00+05:30,76.06,76.14,76.06,76.07,4118
2023-11-29 09:15:00+05:30,76.47,76.8,76.46,76.8,29317
2023-11-29 10:15:00+05:30,76.74,76.93,76.66,76.92,24170
2023-11-29 11:15:00+05:30,76.92,76.92,76.66,76.9,27680
2023-11-29 12:15:00+05:30,76.9,76.9,76.6,76.69,924533
2023-11-29 13:15:00+05:30,76.69,76.75,76.6,76.71,11524
2023-11-29 14:15:00+05:30,76.74,76.79,76.71,76.72,24561
2023-11-29 15:15:00+05:30,76.72,76.8,76.71,76.75,5561
2023-11-30 09:15:00+05:30,76.77,77.0,76.76,77.0,32456
2023-11-30 10:15:00+05:30,77.0,77.0,76.9,76.98,3322
2023-11-30 11:15:00+05:30,76.98,77.38,76.98,77.3,25478
2023-11-30 12:15:00+05:30,77.3,77.49,77.01,77.31,5563
2023-11-30 13:15:00+05:30,77.31,77.47,77.23,77.23,13705
2023-11-30 14:15:00+05:30,77.23,77.34,77.2,77.21,13690
2023-11-30 15:15:00+05:30,77.21,77.33,77.2,77.33,921699
2023-12-01 09:15:00+05:30,77.98,77.98,77.31,77.58,21613
2023-12-01 10:15:00+05:30,77.58,77.67,77.5,77.63,7893
2023-12-01 11:15:00+05:30,77.63,77.69,77.63,77.63,1669
2023-12-01 12:15:00+05:30,77.62,77.7,77.55,77.69,19796
2023-12-01 13:15:00+05:30,77.69,77.69,77.61,77.67,1996
2023-12-01 14:15:00+05:30,77.67,77.99,77.62,77.8,27164
2023-12-01 15:15:00+05:30,77.75,77.87,77.75,77.75,2631
2023-12-04 09:15:00+05:30,77.99,78.33,77.99,78.29,17159
2023-12-04 10:15:00+05:30,78.3,78.45,78.25,78.44,25384
2023-12-04 11:15:00+05:30,78.44,78.47,78.29,78.43,3890
2023-12-04 12:15:00+05:30,78.43,78.43,78.0,78.05,5552
2023-12-04 13:15:00+05:30,78.0,78.04,77.5,77.67,24494
2023-12-04 14:15:00+05:30,77.67,78.29,77.66,77.82,956931
2023-12-04 15:15:00+05:30,77.82,78.09,77.8,78.09,5147
2023-12-05 09:15:00+05:30,76.98,76.98,75.71,76.5,95849
2023-12-05 10:15:00+05:30,76.5,76.54,76.31,76.46,10299
2023-12-05 11:15:00+05:30,76.44,76.55,76.32,76.42,5953
2023-12-05 12:15:00+05:30,76.42,76.48,76.32,76.43,7574
2023-12-05 13:15:00+05:30,76.43,76.52,76.33,76.49,3051
2023-12-05 14:15:00+05:30,76.48,76.49,76.2,76.29,10253
2023-12-05 15:15:00+05:30,76.25,76.34,76.15,76.25,981296
2023-12-06 09:15:00+05:30,76.09,76.1,75.75,75.96,2664
2023-12-06 10:15:00+05:30,75.96,75.96,75.71,75.96,11327
2023-12-06 11:15:00+05:30,75.96,76.06,75.86,75.97,2162
2023-12-06 12:15:00+05:30,75.97,75.97,75.8,75.95,2152
2023-12-06 13:15:00+05:30,75.95,76.07,75.85,75.95,7481
2023-12-06 14:15:00+05:30,75.95,75.95,75.71,75.78,4772
2023-12-06 15:15:00+05:30,75.78,75.84,75.7,75.82,2021
2023-12-07 09:15:00+05:30,75.73,75.73,75.0,75.24,10032
2023-12-07 10:15:00+05:30,75.24,75.24,75.16,75.22,7099
2023-12-07 11:15:00+05:30,75.22,75.22,75.16,75.2,2025
2023-12-07 12:15:00+05:30,75.2,75.3,75.15,75.3,2574
2023-12-07 13:15:00+05:30,75.3,75.49,75.21,75.45,26316
2023-12-07 14:15:00+05:30,75.45,75.58,75.33,75.56,22297
2023-12-07 15:15:00+05:30,75.56,75.6,75.5,75.6,3460
2023-12-08 09:15:00+05:30,77.8,77.8,75.01,75.21,11211
2023-12-08 10:15:00+05:30,75.21,75.25,75.15,75.24,4297
2023-12-08 11:15:00+05:30,75.24,75.25,75.1,75.22,4004
2023-12-08 12:15:00+05:30,75.21,75.25,75.1,75.22,3924
2023-12-08 13:15:00+05:30,75.22,75.23,75.1,75.15,3782
2023-12-08 14:15:00+05:30,75.15,75.19,75.05,75.14,11850
2023-12-08 15:15:00+05:30,75.14,75.18,75.1,75.11,3953
2023-12-11 09:15:00+05:30,75.0,75.0,73.18,73.2,73528
2023-12-11 10:15:00+05:30,73.2,73.27,73.18,73.27,32803
2023-12-11 11:15:00+05:30,73.26,73.48,73.26,73.36,42944
2023-12-11 12:15:00+05:30,73.36,73.47,73.25,73.33,7344
2023-12-11 13:15:00+05:30,73.4,73.4,73.12,73.3,27230
2023-12-11 14:15:00+05:30,73.3,73.39,73.1,73.15,17828
2023-12-11 15:15:00+05:30,73.15,73.17,72.96,73.14,14112
2023-12-12 09:15:00+05:30,73.48,73.48,73.0,73.07,36525
2023-12-12 10:15:00+05:30,73.07,73.07,72.92,73.01,17031
2023-12-12 11:15:00+05:30,73.01,73.4,72.93,73.05,22552
2023-12-12 12:15:00+05:30,73.05,73.3,73.02,73.05,14110
2023-12-12 13:15:00+05:30,73.05,73.09,72.89,72.91,17987
2023-12-12 14:15:00+05:30,73.0,73.0,72.89,72.95,23589
2023-12-12 15:15:00+05:30,72.95,73.02,72.9,72.94,9375
2023-12-13 09:15:00+05:30,72.8,72.8,72.34,72.5,57135
2023-12-13 10:15:00+05:30,72.5,72.5,72.36,72.48,14087
2023-12-13 11:15:00+05:30,72.48,72.48,72.3,72.37,12022
2023-12-13 12:15:00+05:30,72.37,72.4,72.24,72.39,8257
2023-12-13 13:15:00+05:30,72.39,72.46,72.31,72.43,4237
2023-12-13 14:15:00+05:30,72.43,72.43,72.31,72.35,18179
2023-12-13 15:15:00+05:30,72.37,72.42,72.31,72.39,9785
2023-12-14 09:15:00+05:30,74.6,75.99,74.31,74.56,51455
2023-12-14 10:15:00+05:30,74.66,74.72,74.57,74.72,25770
2023-12-14 11:15:00+05:30,74.72,74.97,74.71,74.85,20269
2023-12-14 12:15:00+05:30,74.85,74.99,74.75,74.75,13828
2023-12-14 13:15:00+05:30,74.74,75.45,74.74,75.2,62513
2023-12-14 14:15:00+05:30,75.22,75.29,75.03,75.2,39618
2023-12-14 15:15:00+05:30,75.2,75.28,75.15,75.28,9396
2023-12-15 09:15:00+05:30,75.35,75.46,75.2,75.43,18763
2023-12-15 10:15:00+05:30,75.43,75.45,75.36,75.4,20145
2023-12-15 11:15:00+05:30,75.4,75.43,75.31,75.37,6532
2023-12-15 12:15:00+05:30,75.37,75.4,75.26,75.4,6891
2023-12-15 13:15:00+05:30,75.4,75.49,75.38,75.49,5601
2023-12-15 14:15:00+05:30,75.49,75.6,75.4,75.45,26766
2023-12-15 15:15:00+05:30,75.45,75.91,75.36,75.67,72307
2023-12-18 09:15:00+05:30,75.7,75.7,74.91,74.98,19948
2023-12-18 10:15:00+05:30,74.98,75.12,74.95,75.12,7455
2023-12-18 11:15:00+05:30,75.12,75.15,75.01,75.15,4489
2023-12-18 12:15:00+05:30,75.15,75.3,75.11,75.22,13379
2023-12-18 13:15:00+05:30,75.22,75.37,75.11,75.33,3492
2023-12-18 14:15:00+05:30,75.33,75.33,75.15,75.25,4477
2023-12-18 15:15:00+05:30,75.25,75.29,75.16,75.23,7221
2023-12-19 09:15:00+05:30,75.18,75.18,74.83,75.05,3689
2023-12-19 10:15:00+05:30,75.05,75.05,74.95,75.0,4783
2023-12-19 11:15:00+05:30,75.0,75.08,75.0,75.06,4843
2023-12-19 12:15:00+05:30,75.06,75.16,75.0,75.1,10816
2023-12-19 13:15:00+05:30,75.1,75.17,75.02,75.04,6936
2023-12-19 14:15:00+05:30,75.18,75.27,74.95,75.18,17615
2023-12-19 15:15:00+05:30,75.18,75.29,75.06,75.28,9925
2023-12-20 09:15:00+05:30,75.32,75.59,75.31,75.54,6651
2023-12-20 10:15:00+05:30,75.54,75.6,75.45,75.57,3752
2023-12-20 11:15:00+05:30,75.57,75.64,75.45,75.46,5618
2023-12-20 12:15:00+05:30,75.5,75.5,75.45,75.45,2549
2023-12-20 13:15:00+05:30,75.45,75.63,75.4,75.41,16102
2023-12-20 14:15:00+05:30,75.59,75.59,75.35,75.42,5328
2023-12-20 15:15:00+05:30,75.42,75.49,75.32,75.49,2458
2023-12-21 09:15:00+05:30,75.65,76.0,75.65,75.89,19463
2023-12-21 10:15:00+05:30,75.89,75.96,75.8,75.89,11214
2023-12-21 11:15:00+05:30,75.89,75.89,75.81,75.81,3717
2023-12-21 12:15:00+05:30,75.81,75.92,75.81,75.86,2602
2023-12-21 13:15:00+05:30,75.86,75.93,75.85,75.88,775
2023-12-21 14:15:00+05:30,75.88,75.94,75.82,75.92,6899
2023-12-21 15:15:00+05:30,75.96,75.96,75.7,75.7,3046
2023-12-22 09:15:00+05:30,76.06,76.14,75.95,76.11,11611
2023-12-22 10:15:00+05:30,76.11,76.12,76.0,76.05,4416
2023-12-22 11:15:00+05:30,76.05,76.05,75.95,75.97,4153
2023-12-22 12:15:00+05:30,75.97,76.05,75.86,76.01,14586
2023-12-22 13:15:00+05:30,76.01,76.09,76.01,76.06,5892
2023-12-22 14:15:00+05:30,76.06,76.2,76.05,76.2,13510
2023-12-22 15:15:00+05:30,76.2,76.2,76.08,76.08,8752
2023-12-26 09:15:00+05:30,76.29,76.29,76.0,76.27,5064
2023-12-26 10:15:00+05:30,76.27,76.35,76.0,76.17,17294
2023-12-26 11:15:00+05:30,76.17,76.3,76.17,76.22,4817
2023-12-26 12:15:00+05:30,76.29,76.29,76.11,76.29,918
2023-12-26 13:15:00+05:30,76.09,76.28,76.01,76.28,5427
2023-12-26 14:15:00+05:30,76.28,76.28,76.07,76.07,4579
2023-12-26 15:15:00+05:30,76.07,76.1,76.06,76.06,2653
2023-12-27 09:15:00+05:30,76.11,76.11,75.68,75.89,10272
2023-12-27 10:15:00+05:30,75.89,75.92,75.87,75.9,3118
2023-12-27 11:15:00+05:30,75.9,75.96,75.87,75.96,3502
2023-12-27 12:15:00+05:30,75.96,75.98,75.85,75.96,12195
2023-12-27 13:15:00+05:30,75.96,75.98,75.86,75.91,5142
2023-12-27 14:15:00+05:30,75.91,75.97,75.85,75.96,6083
2023-12-27 15:15:00+05:30,75.96,75.99,75.85,75.85,5447
2023-12-28 09:15:00+05:30,76.41,76.49,76.13,76.25,5968
2023-12-28 10:15:00+05:30,76.25,76.49,76.25,76.46,3782
2023-12-28 11:15:00+05:30,76.46,76.47,76.2,76.21,6046
2023-12-28 12:15:00+05:30,76.21,76.25,76.11,76.25,2165
2023-12-28 13:15:00+05:30,76.25,76.25,76.12,76.2,2623
2023-12-28 14:15:00+05:30,76.2,76.2,76.02,76.1,13806
2023-12-28 15:15:00+05:30,76.1,76.34,76.08,76.2,5042
2023-12-29 09:15:00+05:30,76.1,76.1,75.12,75.13,27750
2023-12-29 10:15:00+05:30,75.13,75.19,75.05,75.18,15381
2023-12-29 11:15:00+05:30,75.18,75.33,75.07,75.33,7068
2023-12-29 12:15:00+05:30,75.33,75.34,75.26,75.32,7716
2023-12-29 13:15:00+05:30,75.32,75.33,75.1,75.1,19186
2023-12-29 14:15:00+05:30,75.1,75.12,74.85,74.99,23063
2023-12-29 15:15:00+05:30,74.99,74.99,74.9,74.9,5138
